action,deadline,light,next_waypoint,reward,step_num,traffic_left,traffic_oncoming,traffic_right,trial_num
forward,20,red,right,-1.0,0,None,None,None,1
left,19,red,right,-1.0,1,None,None,None,1
left,18,red,right,-1.0,2,None,None,None,1
None,17,red,right,0.0,3,None,None,None,1
forward,16,green,right,-0.5,4,None,None,None,1
right,15,red,right,2.0,5,None,None,None,1
right,14,red,right,2.0,6,None,None,None,1
right,13,green,left,-0.5,7,None,None,None,1
forward,12,green,right,-0.5,8,None,None,None,1
left,11,red,right,-1.0,9,None,None,None,1
left,10,red,right,-1.0,10,None,None,None,1
right,9,red,right,2.0,11,None,None,None,1
left,8,red,right,-1.0,12,None,None,None,1
left,7,red,right,-1.0,13,None,None,None,1
left,6,red,right,-1.0,14,None,None,None,1
right,5,red,right,2.0,15,None,None,None,1
left,4,green,right,-0.5,16,None,None,None,1
left,3,red,right,-1.0,17,None,None,None,1
left,2,red,right,-1.0,18,None,None,None,1
left,1,red,right,-1.0,19,None,None,None,1
None,0,green,right,0.0,20,None,None,None,1
right,35,green,right,2.0,0,None,None,None,2
None,34,green,forward,0.0,1,None,None,None,2
left,33,green,forward,-0.5,2,None,None,None,2
left,32,red,right,-1.0,3,None,None,None,2
None,31,green,right,0.0,4,None,None,None,2
None,30,green,right,0.0,5,None,None,None,2
None,29,green,right,0.0,6,None,None,None,2
None,28,green,right,0.0,7,None,None,None,2
left,27,red,right,-1.0,8,None,None,None,2
left,26,red,right,-1.0,9,None,None,None,2
left,25,red,right,-1.0,10,None,None,None,2
right,24,red,right,2.0,11,None,None,None,2
forward,23,green,forward,2.0,12,None,None,None,2
right,22,green,forward,-0.5,13,None,None,None,2
forward,21,red,left,-1.0,14,None,None,None,2
forward,20,green,left,-0.5,15,None,None,None,2
left,19,green,left,2.0,16,None,None,None,2
forward,18,green,forward,2.0,17,None,None,None,2
right,17,green,left,-0.5,18,None,None,None,2
right,16,red,right,2.0,19,None,None,None,2
right,15,red,right,2.0,20,None,None,None,2
right,14,red,right,2.0,21,None,None,None,2
left,13,red,left,-1.0,22,None,None,None,2
right,12,red,left,-0.5,23,None,None,None,2
right,11,green,right,2.0,24,None,None,None,2
left,10,red,right,-1.0,25,None,None,None,2
left,9,red,right,-1.0,26,None,None,None,2
right,8,green,right,2.0,27,None,None,None,2
left,7,red,right,-1.0,28,None,None,None,2
left,6,red,right,-1.0,29,None,None,None,2
right,5,green,right,2.0,30,None,None,None,2
right,4,red,left,-0.5,31,None,None,None,2
right,3,green,right,2.0,32,None,None,None,2
right,2,green,right,2.0,33,None,None,None,2
left,1,red,right,-1.0,34,None,None,None,2
left,0,red,right,-1.0,35,None,None,None,2
left,20,red,right,-1.0,0,None,None,None,3
left,19,red,right,-1.0,1,None,None,None,3
right,18,red,right,2.0,2,None,None,None,3
left,17,red,forward,-1.0,3,None,None,forward,3
forward,16,green,forward,2.0,4,None,None,forward,3
forward,15,green,forward,2.0,5,None,None,None,3
right,14,green,left,-0.5,6,None,None,None,3
right,13,green,right,2.0,7,None,None,None,3
right,12,green,right,2.0,8,None,None,None,3
left,11,red,right,-1.0,9,None,None,None,3
left,10,red,right,-1.0,10,None,None,None,3
left,9,red,right,-1.0,11,None,None,None,3
forward,8,green,right,-0.5,12,left,None,None,3
None,7,red,right,0.0,13,None,None,None,3
None,6,red,right,0.0,14,None,None,None,3
None,5,red,right,0.0,15,None,None,None,3
right,4,green,right,12.0,16,None,None,None,3
forward,25,green,forward,2.0,0,None,None,None,4
forward,24,green,forward,2.0,1,None,None,None,4
forward,23,green,forward,2.0,2,None,None,None,4
right,22,green,right,2.0,3,None,None,None,4
forward,21,green,forward,12.0,4,None,None,None,4
right,25,red,left,-0.5,0,None,None,None,5
left,24,red,forward,-1.0,1,None,None,None,5
left,23,red,forward,-1.0,2,None,None,None,5
left,22,red,forward,-1.0,3,None,None,None,5
forward,21,green,forward,2.0,4,None,None,None,5
left,20,red,forward,-1.0,5,None,None,None,5
left,19,red,forward,-1.0,6,None,None,None,5
left,18,red,forward,-1.0,7,None,None,None,5
forward,17,red,forward,-1.0,8,None,None,None,5
right,16,red,forward,-0.5,9,None,None,None,5
right,15,green,left,-0.5,10,None,None,None,5
None,14,red,right,0.0,11,None,None,None,5
right,13,green,right,2.0,12,None,None,None,5
None,12,red,right,0.0,13,None,None,None,5
None,11,red,right,0.0,14,None,None,None,5
None,10,red,right,0.0,15,None,None,None,5
right,9,green,right,2.0,16,None,None,None,5
None,8,red,forward,0.0,17,None,None,None,5
None,7,red,forward,0.0,18,None,None,None,5
None,6,red,forward,0.0,19,None,None,None,5
forward,5,green,forward,2.0,20,None,None,None,5
forward,4,green,forward,2.0,21,None,None,None,5
right,3,green,left,-0.5,22,None,None,None,5
None,2,red,right,0.0,23,None,None,None,5
None,1,red,right,0.0,24,None,None,None,5
right,0,green,right,2.0,25,None,None,None,5
None,30,red,forward,0.0,0,None,None,None,6
None,29,red,forward,0.0,1,None,None,None,6
None,28,red,forward,0.0,2,None,None,None,6
forward,27,green,forward,2.0,3,None,None,None,6
forward,26,green,forward,2.0,4,None,None,None,6
None,25,green,forward,0.0,5,right,None,None,6
forward,24,green,forward,2.0,6,None,None,None,6
None,23,red,forward,0.0,7,None,None,None,6
forward,22,green,forward,2.0,8,None,None,None,6
right,21,green,left,-0.5,9,None,None,None,6
right,20,green,right,2.0,10,None,None,None,6
right,19,green,right,2.0,11,None,None,None,6
right,18,green,right,2.0,12,None,None,None,6
right,17,red,left,-0.5,13,None,None,None,6
right,16,green,right,2.0,14,None,None,None,6
right,15,green,right,2.0,15,None,None,None,6
None,14,red,right,0.0,16,None,None,None,6
None,13,red,right,0.0,17,None,None,None,6
None,12,red,right,0.0,18,None,None,None,6
None,11,red,right,0.0,19,None,None,None,6
right,10,green,right,2.0,20,None,None,None,6
right,9,green,left,-0.5,21,None,None,None,6
right,8,green,right,2.0,22,None,None,None,6
right,7,green,right,2.0,23,None,None,None,6
None,6,red,right,0.0,24,None,None,None,6
None,5,red,right,0.0,25,None,None,None,6
None,4,red,right,0.0,26,None,None,None,6
None,3,red,right,0.0,27,None,None,None,6
right,2,green,right,2.0,28,right,None,None,6
right,1,green,left,-0.5,29,None,None,None,6
right,0,green,right,2.0,30,None,None,None,6
right,25,green,left,-0.5,0,None,None,None,7
right,24,green,right,2.0,1,None,None,None,7
right,23,green,right,2.0,2,None,None,None,7
None,22,red,forward,0.0,3,None,None,None,7
forward,21,green,forward,2.0,4,None,None,None,7
None,20,red,right,0.0,5,None,None,None,7
right,19,green,right,2.0,6,None,None,None,7
None,18,red,forward,0.0,7,None,None,None,7
forward,17,red,forward,-1.0,8,None,None,None,7
None,16,red,forward,0.0,9,None,None,None,7
forward,15,green,forward,2.0,10,None,None,None,7
None,14,red,forward,0.0,11,None,None,None,7
forward,13,green,forward,2.0,12,None,None,None,7
None,12,red,forward,0.0,13,None,None,None,7
None,11,red,forward,0.0,14,None,None,None,7
forward,10,green,forward,2.0,15,None,None,None,7
forward,9,green,forward,12.0,16,None,None,None,7
right,35,green,left,-0.5,0,None,None,None,8
right,34,green,right,2.0,1,None,None,None,8
None,33,red,right,0.0,2,None,None,None,8
None,32,red,right,0.0,3,None,None,None,8
None,31,red,right,0.0,4,None,None,None,8
right,30,green,right,2.0,5,None,None,None,8
None,29,red,forward,0.0,6,None,None,None,8
None,28,red,forward,0.0,7,None,None,None,8
None,27,red,forward,0.0,8,None,None,None,8
forward,26,green,forward,2.0,9,None,None,None,8
None,25,red,forward,0.0,10,None,None,None,8
None,24,red,forward,0.0,11,None,None,None,8
forward,23,green,forward,2.0,12,None,None,None,8
forward,22,green,forward,2.0,13,None,None,None,8
None,21,red,forward,0.0,14,None,None,None,8
None,20,red,forward,0.0,15,None,None,None,8
forward,19,green,forward,2.0,16,None,None,None,8
None,18,red,forward,0.0,17,None,None,None,8
forward,17,green,forward,2.0,18,None,None,None,8
right,16,green,left,-0.5,19,None,None,None,8
None,15,red,right,0.0,20,None,None,None,8
None,14,red,right,0.0,21,None,None,None,8
None,13,red,right,0.0,22,None,None,None,8
None,12,red,right,0.0,23,None,None,None,8
right,11,green,right,2.0,24,None,None,None,8
None,10,red,right,0.0,25,None,None,None,8
None,9,red,right,0.0,26,None,None,None,8
right,8,green,right,2.0,27,None,None,None,8
right,7,green,right,2.0,28,None,None,None,8
right,6,red,left,-0.5,29,None,None,None,8
None,5,red,right,0.0,30,None,None,None,8
None,4,red,right,0.0,31,None,None,None,8
right,3,green,right,2.0,32,None,None,None,8
right,2,green,right,2.0,33,None,None,None,8
right,1,green,right,2.0,34,None,None,None,8
right,0,red,left,-0.5,35,None,None,None,8
right,25,green,right,2.0,0,None,None,None,9
forward,24,green,forward,2.0,1,None,None,None,9
forward,23,green,forward,2.0,2,None,None,None,9
None,22,red,right,0.0,3,None,None,None,9
None,21,red,right,0.0,4,None,None,None,9
right,20,green,right,2.0,5,None,None,None,9
forward,19,green,forward,12.0,6,None,None,None,9
None,20,red,right,0.0,0,None,None,None,10
None,19,red,right,0.0,1,None,None,None,10
None,18,red,right,0.0,2,None,None,None,10
right,17,green,right,2.0,3,None,None,None,10
right,16,green,right,2.0,4,None,None,None,10
right,15,red,left,-0.5,5,None,None,None,10
right,14,green,right,2.0,6,None,None,None,10
None,13,red,right,0.0,7,None,None,None,10
None,12,red,right,0.0,8,None,None,None,10
right,11,green,right,2.0,9,None,None,None,10
None,10,red,right,0.0,10,None,None,None,10
None,9,red,right,0.0,11,None,None,None,10
right,8,green,right,2.0,12,None,None,None,10
right,7,green,left,-0.5,13,None,None,None,10
None,6,red,right,0.0,14,None,None,None,10
right,5,green,right,2.0,15,None,None,forward,10
right,4,green,right,2.0,16,None,None,None,10
None,3,red,right,0.0,17,None,None,None,10
None,2,red,right,0.0,18,None,None,None,10
None,1,red,right,0.0,19,None,None,None,10
right,0,green,right,2.0,20,None,None,None,10
right,20,green,left,-0.5,0,None,None,None,11
None,19,red,right,0.0,1,None,None,None,11
None,18,red,right,0.0,2,None,None,None,11
right,17,green,right,2.0,3,None,None,None,11
None,16,red,right,0.0,4,None,None,None,11
right,15,green,right,2.0,5,None,None,None,11
None,14,red,forward,0.0,6,None,None,None,11
None,13,red,forward,0.0,7,None,None,None,11
None,12,red,forward,0.0,8,None,None,right,11
forward,11,green,forward,2.0,9,None,None,right,11
forward,10,green,forward,2.0,10,None,None,None,11
None,9,red,right,0.0,11,None,None,None,11
None,8,red,right,0.0,12,None,None,None,11
None,7,red,right,0.0,13,None,None,None,11
None,6,red,right,0.0,14,None,None,None,11
right,5,green,right,2.0,15,None,None,None,11
None,4,red,forward,0.0,16,None,None,None,11
None,3,red,forward,0.0,17,None,None,None,11
forward,2,green,forward,2.0,18,None,None,None,11
None,1,red,forward,0.0,19,None,None,None,11
None,0,red,forward,0.0,20,None,None,None,11
right,30,green,right,2.0,0,None,None,None,12
None,29,red,forward,0.0,1,None,None,None,12
None,28,red,forward,0.0,2,None,None,None,12
None,27,red,forward,0.0,3,None,None,None,12
forward,26,green,forward,2.0,4,None,None,None,12
right,25,red,left,-0.5,5,None,None,None,12
None,24,red,forward,0.0,6,None,None,None,12
None,23,red,forward,0.0,7,None,None,None,12
None,22,red,forward,0.0,8,None,None,None,12
forward,21,green,forward,12.0,9,None,None,None,12
right,25,green,right,2.0,0,None,None,None,13
forward,24,green,forward,2.0,1,None,None,None,13
right,23,red,left,-0.5,2,None,None,None,13
right,22,green,right,2.0,3,None,None,None,13
None,21,red,right,0.0,4,None,None,None,13
None,20,red,right,0.0,5,None,None,None,13
right,19,green,right,2.0,6,None,None,None,13
None,18,red,right,0.0,7,None,None,None,13
None,17,red,right,0.0,8,None,None,None,13
right,16,green,right,2.0,9,None,None,None,13
right,15,red,left,-0.5,10,None,None,None,13
right,14,green,right,2.0,11,None,None,None,13
right,13,green,right,2.0,12,None,None,None,13
None,12,red,right,0.0,13,None,None,None,13
None,11,red,right,0.0,14,None,None,None,13
right,10,green,right,2.0,15,None,None,right,13
right,9,green,left,-0.5,16,None,None,None,13
None,8,red,right,0.0,17,None,None,None,13
None,7,red,right,0.0,18,None,None,None,13
None,6,red,right,0.0,19,None,None,None,13
right,5,green,right,2.0,20,None,None,None,13
None,4,red,right,0.0,21,None,None,None,13
None,3,red,right,0.0,22,None,None,None,13
None,2,red,right,0.0,23,None,None,None,13
right,1,green,right,2.0,24,None,None,None,13
None,0,red,right,0.0,25,None,None,None,13
forward,30,green,forward,2.0,0,None,None,None,14
forward,29,green,forward,2.0,1,None,None,None,14
None,28,red,right,0.0,2,None,None,None,14
right,27,green,right,2.0,3,None,None,None,14
None,26,red,forward,0.0,4,None,None,None,14
forward,25,green,forward,2.0,5,None,None,None,14
None,24,red,forward,0.0,6,None,None,None,14
None,23,red,forward,0.0,7,None,None,None,14
None,22,red,forward,0.0,8,None,None,None,14
forward,21,green,forward,2.0,9,None,None,None,14
None,20,red,forward,0.0,10,None,None,None,14
None,19,red,forward,0.0,11,None,None,None,14
forward,18,green,forward,12.0,12,None,None,None,14
None,20,red,right,0.0,0,None,None,None,15
None,19,red,right,0.0,1,None,None,None,15
None,18,red,right,0.0,2,None,None,None,15
None,17,red,right,0.0,3,None,None,None,15
right,16,green,right,2.0,4,None,None,None,15
None,15,red,forward,0.0,5,None,None,None,15
None,14,red,forward,0.0,6,None,None,None,15
None,13,red,forward,0.0,7,None,None,None,15
forward,12,green,forward,2.0,8,None,None,None,15
forward,11,green,forward,2.0,9,None,None,None,15
None,10,red,forward,0.0,10,None,None,None,15
None,9,red,forward,0.0,11,None,None,None,15
None,8,red,forward,0.0,12,None,None,None,15
None,7,red,forward,0.0,13,None,None,None,15
None,6,red,forward,0.0,14,None,None,None,15
forward,5,green,forward,12.0,15,None,None,None,15
right,40,green,right,2.0,0,None,None,None,16
right,39,green,right,2.0,1,None,None,None,16
forward,38,green,forward,2.0,2,None,None,None,16
None,37,red,forward,0.0,3,None,None,None,16
forward,36,green,forward,2.0,4,None,None,None,16
forward,35,green,forward,2.0,5,None,None,None,16
forward,34,green,forward,2.0,6,None,None,None,16
forward,33,green,forward,2.0,7,None,None,None,16
forward,32,green,forward,2.0,8,None,None,None,16
right,31,green,left,-0.5,9,None,None,None,16
None,30,red,forward,0.0,10,None,None,None,16
None,29,red,forward,0.0,11,None,None,None,16
forward,28,green,forward,12.0,12,None,None,None,16
None,45,green,right,0.0,0,None,left,None,17
forward,44,green,right,-0.5,1,None,left,None,17
None,43,red,right,0.0,2,None,None,None,17
None,42,red,right,0.0,3,None,None,None,17
right,41,green,right,2.0,4,None,None,None,17
None,40,red,right,0.0,5,None,None,left,17
None,39,red,right,0.0,6,None,None,None,17
None,38,red,right,0.0,7,None,None,None,17
None,37,red,right,0.0,8,None,None,None,17
None,36,red,right,0.0,9,None,None,None,17
right,35,green,right,2.0,10,None,None,None,17
forward,34,green,forward,2.0,11,None,None,None,17
None,33,red,forward,0.0,12,None,None,None,17
None,32,red,forward,0.0,13,None,None,None,17
None,31,red,forward,0.0,14,None,None,None,17
forward,30,green,forward,2.0,15,None,None,None,17
None,29,red,forward,0.0,16,None,None,None,17
None,28,red,forward,0.0,17,None,None,None,17
forward,27,green,forward,2.0,18,None,None,None,17
None,26,red,forward,0.0,19,None,None,None,17
forward,25,green,forward,12.0,20,None,None,None,17
None,40,red,right,0.0,0,None,None,None,18
None,39,red,right,0.0,1,None,None,None,18
None,38,red,right,0.0,2,None,None,None,18
None,37,red,right,0.0,3,None,None,None,18
None,36,red,right,0.0,4,None,None,None,18
left,35,green,right,-1.0,5,None,right,None,18
right,34,green,right,2.0,6,None,None,None,18
left,33,red,right,-1.0,7,None,None,None,18
None,32,green,right,0.0,8,None,None,None,18
None,31,green,right,0.0,9,None,None,None,18
None,30,green,right,0.0,10,None,None,None,18
None,29,green,right,0.0,11,None,None,None,18
left,28,red,right,-1.0,12,None,None,None,18
left,27,red,right,-1.0,13,None,None,None,18
None,26,red,right,0.0,14,None,None,None,18
left,25,red,right,-1.0,15,None,None,None,18
forward,24,green,right,-0.5,16,None,None,None,18
right,23,red,right,2.0,17,None,None,None,18
forward,22,green,forward,2.0,18,None,None,None,18
None,21,red,forward,0.0,19,None,None,None,18
forward,20,green,forward,2.0,20,None,None,None,18
None,19,red,forward,0.0,21,None,None,None,18
None,18,red,forward,0.0,22,None,None,None,18
None,17,red,forward,0.0,23,None,None,None,18
forward,16,green,forward,12.0,24,None,None,None,18
right,20,red,right,2.0,0,None,None,None,19
forward,19,green,right,-0.5,1,None,None,None,19
right,18,red,right,2.0,2,None,None,None,19
forward,17,green,right,-0.5,3,None,None,None,19
right,16,red,right,2.0,4,None,None,None,19
right,15,green,left,-0.5,5,None,None,None,19
right,14,red,right,2.0,6,None,None,None,19
forward,13,green,right,-0.5,7,None,None,None,19
forward,12,green,right,-0.5,8,None,None,None,19
forward,11,green,forward,2.0,9,None,None,None,19
None,10,green,forward,0.0,10,right,None,None,19
forward,9,green,forward,2.0,11,None,None,None,19
forward,8,green,forward,2.0,12,None,None,None,19
None,7,red,forward,0.0,13,None,None,None,19
None,6,red,forward,0.0,14,None,None,None,19
None,5,red,forward,0.0,15,None,None,None,19
forward,4,green,forward,2.0,16,None,None,None,19
forward,3,green,forward,2.0,17,None,None,None,19
forward,2,green,right,-0.5,18,None,None,None,19
forward,1,green,right,-0.5,19,None,None,None,19
right,0,red,right,2.0,20,None,None,None,19
None,35,red,forward,0.0,0,None,None,None,20
None,34,red,forward,0.0,1,None,None,None,20
None,33,red,forward,0.0,2,None,None,None,20
None,32,red,forward,0.0,3,None,None,None,20
None,31,red,forward,0.0,4,None,None,None,20
forward,30,green,forward,2.0,5,None,None,None,20
None,29,red,forward,0.0,6,None,None,None,20
None,28,red,forward,0.0,7,None,None,None,20
None,27,red,forward,0.0,8,None,None,None,20
forward,26,green,forward,2.0,9,None,None,None,20
forward,25,green,forward,2.0,10,None,None,None,20
forward,24,green,forward,2.0,11,None,None,None,20
right,23,red,right,2.0,12,None,None,None,20
forward,22,green,forward,2.0,13,None,None,None,20
None,21,red,forward,0.0,14,None,None,None,20
None,20,red,forward,0.0,15,None,None,None,20
forward,19,green,forward,12.0,16,None,None,None,20
right,20,red,left,-0.5,0,None,None,None,21
forward,19,green,right,-0.5,1,None,None,None,21
forward,18,green,forward,2.0,2,None,None,None,21
None,17,red,forward,0.0,3,None,None,None,21
left,16,red,forward,-1.0,4,forward,None,None,21
right,15,green,forward,-0.5,5,forward,None,None,21
right,14,red,left,-0.5,6,None,None,None,21
forward,13,green,right,-0.5,7,None,None,None,21
forward,12,green,forward,2.0,8,None,None,None,21
forward,11,red,forward,-1.0,9,None,None,None,21
forward,10,green,forward,2.0,10,None,None,None,21
forward,9,green,right,-0.5,11,None,None,None,21
None,8,green,right,0.0,12,forward,None,None,21
right,7,green,right,2.0,13,forward,None,None,21
right,6,red,right,2.0,14,None,None,None,21
right,5,red,left,-0.5,15,None,None,None,21
forward,4,green,right,-0.5,16,None,None,None,21
right,3,red,right,2.0,17,None,None,None,21
forward,2,green,right,-0.5,18,None,None,None,21
right,1,red,right,2.0,19,None,None,None,21
right,0,red,right,2.0,20,None,None,None,21
right,20,red,left,-0.5,0,None,None,None,22
forward,19,green,forward,2.0,1,None,None,None,22
forward,18,green,forward,2.0,2,None,None,None,22
forward,17,green,forward,2.0,3,None,None,None,22
forward,16,red,forward,-1.0,4,None,None,None,22
forward,15,red,forward,-1.0,5,None,None,None,22
forward,14,green,forward,2.0,6,None,None,None,22
right,13,red,left,-0.5,7,None,None,None,22
forward,12,green,right,-0.5,8,None,None,None,22
right,11,red,right,2.0,9,None,None,None,22
right,10,red,right,2.0,10,None,None,None,22
right,9,red,right,2.0,11,None,None,None,22
right,8,red,left,-0.5,12,None,None,None,22
forward,7,green,right,-0.5,13,None,None,None,22
forward,6,red,forward,-1.0,14,None,None,None,22
forward,5,green,forward,2.0,15,None,None,None,22
right,4,green,forward,-0.5,16,None,right,None,22
right,3,red,right,2.0,17,None,None,None,22
forward,2,green,right,-0.5,18,None,None,None,22
right,1,red,right,2.0,19,None,None,None,22
right,0,red,left,-0.5,20,None,None,None,22
forward,25,green,forward,2.0,0,None,None,None,23
forward,24,green,forward,2.0,1,None,None,None,23
forward,23,green,forward,2.0,2,None,None,None,23
forward,22,green,forward,2.0,3,None,None,None,23
forward,21,red,forward,-1.0,4,None,None,None,23
forward,20,green,forward,12.0,5,None,None,None,23
forward,40,green,forward,2.0,0,None,None,None,24
forward,39,green,forward,2.0,1,None,None,None,24
forward,38,red,forward,-1.0,2,None,None,None,24
forward,37,red,forward,-1.0,3,None,None,None,24
forward,36,green,forward,2.0,4,forward,None,None,24
forward,35,green,forward,2.0,5,None,None,None,24
forward,34,green,forward,2.0,6,None,None,None,24
forward,33,green,forward,2.0,7,None,None,None,24
forward,32,green,forward,2.0,8,None,None,None,24
right,31,red,right,12.0,9,None,None,None,24
forward,35,red,forward,-1.0,0,None,None,None,25
forward,34,red,forward,-1.0,1,None,None,None,25
forward,33,red,forward,-1.0,2,None,None,None,25
forward,32,green,forward,2.0,3,None,None,None,25
forward,31,red,forward,-1.0,4,None,None,None,25
forward,30,green,forward,2.0,5,None,None,None,25
forward,29,red,forward,-1.0,6,None,None,None,25
forward,28,red,forward,-1.0,7,None,None,None,25
forward,27,red,forward,-1.0,8,None,None,None,25
forward,26,green,forward,2.0,9,None,None,None,25
forward,25,green,forward,2.0,10,None,None,None,25
forward,24,green,forward,2.0,11,None,None,None,25
forward,23,green,forward,2.0,12,forward,None,None,25
right,22,red,right,12.0,13,None,None,None,25
right,25,red,left,-0.5,0,None,None,None,26
forward,24,green,right,-0.5,1,None,None,None,26
forward,23,green,right,-0.5,2,None,None,None,26
forward,22,green,right,-0.5,3,None,None,None,26
forward,21,green,forward,2.0,4,None,None,None,26
right,20,green,left,-0.5,5,None,None,None,26
right,19,red,right,2.0,6,None,None,None,26
forward,18,green,right,-0.5,7,None,None,None,26
forward,17,green,forward,2.0,8,None,None,None,26
forward,16,red,forward,-1.0,9,None,None,None,26
forward,15,green,forward,2.0,10,None,None,None,26
forward,14,green,forward,2.0,11,None,None,None,26
forward,13,green,forward,2.0,12,None,None,None,26
forward,12,green,forward,2.0,13,None,None,None,26
forward,11,red,forward,-1.0,14,None,None,None,26
forward,10,red,forward,-1.0,15,None,None,None,26
forward,9,green,forward,2.0,16,None,None,None,26
forward,8,green,right,-0.5,17,None,None,None,26
right,7,red,right,2.0,18,None,None,None,26
forward,6,green,right,-0.5,19,None,None,None,26
right,5,red,right,2.0,20,None,None,None,26
right,4,red,left,-0.5,21,None,None,None,26
forward,3,green,right,-0.5,22,None,None,None,26
forward,2,green,right,-0.5,23,None,None,None,26
forward,1,green,right,-0.5,24,None,None,None,26
forward,0,green,forward,12.0,25,None,None,None,26
right,25,red,right,2.0,0,None,None,None,27
right,24,red,right,2.0,1,None,None,None,27
forward,23,green,forward,2.0,2,None,None,None,27
right,22,green,left,-0.5,3,None,None,None,27
forward,21,red,forward,-1.0,4,None,None,None,27
forward,20,green,forward,2.0,5,None,None,None,27
forward,19,green,forward,2.0,6,None,None,None,27
forward,18,green,forward,12.0,7,None,None,None,27
right,20,red,left,-0.5,0,None,None,None,28
forward,19,green,right,-0.5,1,None,None,None,28
right,18,red,right,2.0,2,None,None,None,28
forward,17,green,right,-0.5,3,None,None,None,28
forward,16,green,right,-0.5,4,None,None,None,28
right,15,red,right,2.0,5,None,None,None,28
forward,14,red,forward,-1.0,6,None,None,None,28
forward,13,red,forward,-1.0,7,None,None,None,28
forward,12,red,forward,-1.0,8,None,None,None,28
forward,11,green,forward,2.0,9,None,None,None,28
forward,10,red,forward,-1.0,10,None,None,None,28
forward,9,red,forward,-1.0,11,None,None,None,28
forward,8,green,forward,2.0,12,None,None,None,28
forward,7,red,forward,-1.0,13,None,None,None,28
forward,6,red,forward,-1.0,14,None,None,None,28
None,5,green,forward,0.0,15,right,None,None,28
forward,4,green,forward,2.0,16,None,None,None,28
forward,3,red,forward,-1.0,17,None,None,None,28
forward,2,red,forward,-1.0,18,None,None,None,28
forward,1,red,forward,-1.0,19,None,None,None,28
forward,0,green,forward,2.0,20,None,None,None,28
left,25,green,left,2.0,0,forward,None,None,29
forward,24,red,forward,-1.0,1,None,None,None,29
forward,23,red,forward,-1.0,2,None,None,None,29
forward,22,red,forward,-1.0,3,None,None,None,29
None,21,red,forward,0.0,4,None,None,None,29
forward,20,green,forward,2.0,5,None,None,None,29
left,19,red,left,-1.0,6,None,None,None,29
right,18,red,left,-0.5,7,None,None,None,29
None,17,red,forward,0.0,8,None,None,None,29
None,16,red,forward,0.0,9,None,None,None,29
forward,15,green,forward,2.0,10,None,None,None,29
forward,14,green,forward,12.0,11,None,None,None,29
right,35,red,right,2.0,0,None,None,None,30
forward,34,green,forward,2.0,1,None,None,None,30
None,33,red,forward,0.0,2,None,None,None,30
None,32,red,forward,0.0,3,None,None,None,30
forward,31,green,forward,2.0,4,None,None,None,30
None,30,red,forward,0.0,5,None,None,None,30
forward,29,green,forward,2.0,6,None,None,None,30
forward,28,green,forward,2.0,7,None,None,None,30
forward,27,green,forward,2.0,8,None,None,None,30
right,26,red,right,12.0,9,None,None,None,30
forward,35,green,forward,2.0,0,None,None,None,31
forward,34,green,forward,2.0,1,None,None,None,31
left,33,green,left,2.0,2,None,None,None,31
None,32,red,forward,0.0,3,None,None,None,31
forward,31,green,forward,2.0,4,None,None,None,31
forward,30,green,forward,2.0,5,None,None,None,31
forward,29,green,forward,2.0,6,None,None,None,31
forward,28,green,forward,12.0,7,None,None,None,31
None,40,red,forward,0.0,0,None,None,None,32
None,39,red,forward,0.0,1,None,None,None,32
None,38,red,forward,0.0,2,None,None,None,32
None,37,red,forward,0.0,3,None,None,None,32
None,36,red,forward,0.0,4,None,None,None,32
forward,35,green,forward,2.0,5,None,None,None,32
None,34,red,forward,0.0,6,None,None,None,32
None,33,red,forward,0.0,7,None,None,None,32
None,32,red,forward,0.0,8,None,None,None,32
forward,31,green,forward,2.0,9,None,None,None,32
forward,30,green,forward,2.0,10,None,None,None,32
forward,29,green,forward,2.0,11,None,None,None,32
forward,28,green,forward,2.0,12,None,None,None,32
right,27,red,right,2.0,13,None,None,None,32
forward,26,green,forward,2.0,14,None,None,None,32
None,25,red,forward,0.0,15,right,None,None,32
forward,24,green,forward,12.0,16,None,None,None,32
right,20,red,right,2.0,0,None,None,None,33
forward,19,green,right,-0.5,1,None,None,None,33
right,18,red,right,2.0,2,None,None,None,33
forward,17,green,forward,2.0,3,None,None,None,33
None,16,red,forward,0.0,4,None,None,None,33
None,15,red,forward,0.0,5,None,None,None,33
forward,14,green,forward,2.0,6,None,None,None,33
forward,13,green,forward,2.0,7,None,None,None,33
forward,12,green,right,-0.5,8,None,None,None,33
forward,11,green,forward,2.0,9,None,None,None,33
forward,10,green,forward,2.0,10,None,None,None,33
None,9,red,forward,0.0,11,None,None,None,33
forward,8,green,forward,2.0,12,None,None,None,33
None,7,red,forward,0.0,13,None,None,None,33
None,6,red,forward,0.0,14,None,None,None,33
None,5,red,forward,0.0,15,None,None,None,33
forward,4,green,forward,2.0,16,None,None,None,33
forward,3,green,forward,2.0,17,None,None,None,33
forward,2,green,forward,2.0,18,None,None,None,33
forward,1,green,forward,2.0,19,None,None,None,33
right,0,red,right,2.0,20,None,None,None,33
left,20,green,left,2.0,0,None,None,None,34
forward,19,green,right,-0.5,1,None,None,None,34
right,18,red,right,2.0,2,None,None,None,34
right,17,red,right,2.0,3,None,None,None,34
left,16,red,left,-1.0,4,None,None,None,34
left,15,red,left,-1.0,5,None,None,None,34
right,14,red,left,-0.5,6,None,None,None,34
forward,13,green,right,-0.5,7,None,None,None,34
forward,12,green,right,-0.5,8,left,None,None,34
forward,11,green,right,9.5,9,None,None,None,34
forward,25,green,right,-0.5,0,None,None,None,35
forward,24,green,right,-0.5,1,None,None,None,35
forward,23,green,right,-0.5,2,None,None,None,35
right,22,red,right,2.0,3,None,None,None,35
forward,21,green,right,-0.5,4,None,None,None,35
forward,20,green,right,-0.5,5,None,None,None,35
forward,19,green,right,-0.5,6,None,None,None,35
forward,18,green,right,-0.5,7,left,None,None,35
forward,17,red,right,-1.0,8,None,None,None,35
right,16,red,right,2.0,9,None,None,None,35
forward,15,green,forward,2.0,10,None,None,None,35
forward,14,green,forward,2.0,11,None,None,None,35
None,13,red,forward,0.0,12,None,None,None,35
None,12,red,forward,0.0,13,None,None,None,35
None,11,red,forward,0.0,14,None,None,None,35
None,10,red,forward,0.0,15,None,None,None,35
forward,9,green,forward,2.0,16,None,None,None,35
forward,8,green,forward,2.0,17,None,None,None,35
right,7,red,left,-0.5,18,None,None,None,35
forward,6,green,forward,12.0,19,None,None,None,35
left,25,green,left,2.0,0,None,None,None,36
forward,24,green,forward,2.0,1,None,None,None,36
forward,23,green,right,-0.5,2,None,None,None,36
forward,22,green,right,-0.5,3,None,None,None,36
forward,21,green,right,-0.5,4,None,None,None,36
None,20,red,forward,0.0,5,None,None,None,36
None,19,red,forward,0.0,6,None,None,None,36
None,18,red,forward,0.0,7,None,None,None,36
forward,17,green,forward,2.0,8,None,None,None,36
forward,16,green,forward,2.0,9,None,None,None,36
None,15,red,forward,0.0,10,None,None,None,36
None,14,red,forward,0.0,11,None,None,None,36
None,13,red,forward,0.0,12,None,None,None,36
None,12,red,forward,0.0,13,None,None,None,36
None,11,red,forward,0.0,14,None,None,None,36
forward,10,green,forward,2.0,15,None,None,None,36
forward,9,green,forward,2.0,16,None,None,None,36
None,8,red,forward,0.0,17,None,None,None,36
forward,7,green,forward,2.0,18,None,None,None,36
forward,6,green,right,-0.5,19,None,None,None,36
forward,5,green,right,-0.5,20,None,None,None,36
forward,4,green,right,-0.5,21,None,None,None,36
None,3,red,forward,0.0,22,None,None,None,36
None,2,red,forward,0.0,23,None,None,None,36
forward,1,green,forward,2.0,24,None,None,None,36
forward,0,green,forward,2.0,25,None,None,None,36
None,45,red,forward,0.0,0,None,None,None,37
None,44,red,forward,0.0,1,None,None,None,37
None,43,red,forward,0.0,2,None,None,None,37
None,42,red,forward,0.0,3,None,None,None,37
forward,41,green,forward,2.0,4,None,None,None,37
forward,40,green,forward,2.0,5,None,None,None,37
forward,39,green,forward,2.0,6,None,None,None,37
None,38,red,forward,0.0,7,None,None,None,37
None,37,red,forward,0.0,8,None,None,None,37
forward,36,green,forward,2.0,9,None,None,None,37
None,35,red,forward,0.0,10,None,None,None,37
None,34,red,forward,0.0,11,None,None,None,37
forward,33,green,forward,2.0,12,None,None,None,37
None,32,red,forward,0.0,13,None,None,None,37
None,31,red,forward,0.0,14,None,None,None,37
forward,30,green,forward,2.0,15,None,None,None,37
None,29,red,forward,0.0,16,None,None,None,37
None,28,red,forward,0.0,17,None,None,None,37
None,27,red,forward,0.0,18,None,None,None,37
None,26,red,forward,0.0,19,None,None,None,37
forward,25,green,forward,2.0,20,None,None,None,37
right,24,red,right,2.0,21,None,None,None,37
None,23,red,forward,0.0,22,None,None,None,37
None,22,red,forward,0.0,23,None,None,None,37
forward,21,green,forward,12.0,24,None,None,None,37
None,30,red,forward,0.0,0,None,None,None,38
None,29,red,forward,0.0,1,None,None,None,38
None,28,red,forward,0.0,2,None,None,None,38
forward,27,green,forward,2.0,3,None,None,None,38
None,26,red,forward,0.0,4,None,None,None,38
forward,25,green,forward,2.0,5,None,None,None,38
right,24,red,left,-0.5,6,None,None,None,38
None,23,red,forward,0.0,7,None,None,None,38
None,22,red,forward,0.0,8,None,None,None,38
None,21,red,forward,0.0,9,None,None,None,38
forward,20,green,forward,12.0,10,None,None,None,38
left,25,red,right,-1.0,0,left,None,None,39
right,24,red,right,2.0,1,None,None,None,39
right,23,red,right,2.0,2,None,None,None,39
forward,22,green,forward,2.0,3,None,None,None,39
None,21,red,forward,0.0,4,None,None,None,39
None,20,red,forward,0.0,5,None,None,None,39
None,19,red,forward,0.0,6,None,None,None,39
None,18,red,forward,0.0,7,None,None,None,39
forward,17,green,forward,2.0,8,None,None,None,39
forward,16,green,forward,12.0,9,None,None,None,39
forward,30,red,right,-1.0,0,None,None,None,40
forward,29,red,right,-1.0,1,None,None,None,40
right,28,red,right,2.0,2,None,None,None,40
forward,27,red,right,-1.0,3,None,None,None,40
forward,26,green,right,-0.5,4,None,None,None,40
forward,25,green,right,-0.5,5,None,None,None,40
forward,24,red,right,-1.0,6,None,None,None,40
forward,23,red,right,-1.0,7,None,None,None,40
forward,22,green,right,-0.5,8,None,None,None,40
forward,21,green,right,-0.5,9,None,None,None,40
forward,20,green,right,-0.5,10,None,None,None,40
forward,19,green,right,-0.5,11,None,None,forward,40
None,18,green,right,0.0,12,None,None,None,40
forward,17,green,right,-0.5,13,None,None,None,40
right,16,red,right,2.0,14,None,None,None,40
None,15,green,forward,0.0,15,None,left,None,40
left,14,green,forward,-0.5,16,None,left,None,40
right,13,red,right,2.0,17,None,None,None,40
None,12,red,forward,0.0,18,None,None,None,40
None,11,red,forward,0.0,19,None,None,None,40
forward,10,green,forward,2.0,20,None,None,None,40
forward,9,green,forward,2.0,21,None,None,None,40
left,8,green,left,12.0,22,None,None,None,40
right,40,red,left,-0.5,0,None,None,None,41
right,39,red,right,12.0,1,None,None,None,41
forward,25,red,right,-1.0,0,None,None,None,42
right,24,red,right,2.0,1,None,None,None,42
forward,23,green,right,-0.5,2,None,None,forward,42
left,22,red,right,-1.0,3,None,left,None,42
right,21,green,right,2.0,4,None,left,None,42
None,20,red,forward,0.0,5,None,None,None,42
forward,19,green,forward,2.0,6,None,None,None,42
None,18,red,forward,0.0,7,None,None,None,42
None,17,red,forward,0.0,8,None,None,None,42
None,16,red,forward,0.0,9,None,None,None,42
forward,15,green,forward,2.0,10,None,None,None,42
right,14,red,left,-0.5,11,None,None,None,42
forward,13,red,right,-1.0,12,None,None,None,42
forward,12,red,right,-1.0,13,None,None,None,42
forward,11,red,right,-1.0,14,None,None,None,42
forward,10,green,right,-0.5,15,None,None,None,42
forward,9,green,forward,2.0,16,None,None,None,42
forward,8,green,forward,12.0,17,None,None,None,42
forward,25,green,right,-0.5,0,None,None,None,43
forward,24,green,forward,2.0,1,None,None,None,43
None,23,red,forward,0.0,2,None,None,None,43
forward,22,green,forward,2.0,3,None,None,None,43
None,21,red,forward,0.0,4,None,None,None,43
forward,20,green,forward,2.0,5,None,None,None,43
right,19,red,left,-0.5,6,None,None,None,43
forward,18,green,right,-0.5,7,None,None,None,43
right,17,red,right,2.0,8,None,None,None,43
right,16,red,right,2.0,9,None,None,None,43
forward,15,green,right,-0.5,10,None,None,None,43
forward,14,green,right,-0.5,11,None,None,left,43
forward,13,green,right,-0.5,12,None,None,None,43
right,12,red,right,2.0,13,None,None,None,43
left,11,green,left,2.0,14,None,None,None,43
forward,10,green,forward,2.0,15,None,None,None,43
forward,9,green,forward,2.0,16,None,None,None,43
None,8,red,forward,0.0,17,None,None,None,43
None,7,red,forward,0.0,18,None,None,None,43
None,6,red,forward,0.0,19,None,None,None,43
forward,5,green,forward,2.0,20,None,None,None,43
None,4,red,forward,0.0,21,None,None,None,43
None,3,red,forward,0.0,22,None,None,None,43
None,2,red,forward,0.0,23,None,None,None,43
forward,1,green,forward,12.0,24,None,None,None,43
left,35,green,left,2.0,0,None,None,None,44
forward,34,green,forward,2.0,1,None,None,None,44
forward,33,green,forward,2.0,2,None,None,None,44
None,32,red,forward,0.0,3,None,None,None,44
None,31,red,forward,0.0,4,None,None,None,44
None,30,red,forward,0.0,5,None,None,None,44
forward,29,green,forward,2.0,6,None,None,None,44
forward,28,green,forward,2.0,7,None,None,None,44
left,27,green,left,2.0,8,None,None,None,44
None,26,red,forward,0.0,9,None,None,None,44
forward,25,green,forward,12.0,10,None,None,None,44
right,30,red,right,2.0,0,None,None,None,45
forward,29,green,right,-0.5,1,None,None,None,45
right,28,red,right,2.0,2,None,None,None,45
None,27,red,forward,0.0,3,None,None,None,45
forward,26,green,forward,2.0,4,None,None,None,45
forward,25,green,forward,2.0,5,None,None,None,45
forward,24,green,right,-0.5,6,None,None,None,45
None,23,red,forward,0.0,7,None,None,None,45
forward,22,green,forward,2.0,8,None,None,None,45
forward,21,green,forward,2.0,9,None,None,None,45
None,20,red,forward,0.0,10,None,None,None,45
None,19,red,forward,0.0,11,None,None,None,45
forward,18,green,forward,2.0,12,None,None,None,45
forward,17,green,forward,2.0,13,None,None,None,45
forward,16,green,forward,2.0,14,None,None,None,45
forward,15,green,forward,2.0,15,None,None,None,45
forward,14,green,forward,2.0,16,None,None,None,45
right,13,red,right,2.0,17,None,None,None,45
None,12,red,forward,0.0,18,None,None,None,45
None,11,red,forward,0.0,19,None,None,None,45
forward,10,green,forward,2.0,20,None,None,None,45
None,9,red,forward,0.0,21,None,None,None,45
None,8,red,forward,0.0,22,None,None,None,45
None,7,red,forward,0.0,23,None,None,None,45
right,6,red,forward,-0.5,24,None,None,None,45
forward,5,green,right,-0.5,25,None,None,None,45
right,4,red,right,2.0,26,None,None,None,45
forward,3,green,right,-0.5,27,None,None,None,45
right,2,red,right,2.0,28,None,None,None,45
forward,1,green,forward,2.0,29,None,None,None,45
forward,0,green,right,-0.5,30,None,None,None,45
forward,35,green,right,-0.5,0,None,None,None,46
forward,34,green,right,-0.5,1,None,None,None,46
forward,33,green,right,-0.5,2,None,None,None,46
right,32,red,right,2.0,3,None,None,None,46
None,31,red,forward,0.0,4,None,None,None,46
None,30,red,forward,0.0,5,None,None,None,46
right,29,red,forward,-0.5,6,None,None,None,46
left,28,green,left,2.0,7,None,None,None,46
right,27,red,forward,-0.5,8,None,None,None,46
left,26,red,left,-1.0,9,None,forward,None,46
None,25,red,left,0.0,10,None,forward,None,46
right,24,red,left,-0.5,11,None,forward,None,46
right,23,red,right,2.0,12,None,None,None,46
forward,22,green,right,-0.5,13,None,None,right,46
forward,21,green,right,-0.5,14,None,None,None,46
right,20,red,right,2.0,15,None,None,None,46
None,19,red,forward,0.0,16,None,None,None,46
None,18,red,forward,0.0,17,None,None,None,46
forward,17,green,forward,12.0,18,None,None,None,46
right,35,red,left,-0.5,0,None,None,None,47
right,34,red,right,2.0,1,None,None,None,47
forward,33,green,right,-0.5,2,None,None,None,47
forward,32,green,right,-0.5,3,None,None,None,47
forward,31,green,right,-0.5,4,None,None,None,47
forward,30,green,right,-0.5,5,None,None,None,47
right,29,red,right,2.0,6,None,None,None,47
forward,28,green,forward,2.0,7,None,None,None,47
forward,27,green,forward,2.0,8,None,None,None,47
forward,26,green,forward,2.0,9,None,None,None,47
forward,25,green,right,-0.5,10,None,None,None,47
forward,24,green,right,-0.5,11,None,None,None,47
forward,23,green,right,-0.5,12,None,None,None,47
None,22,red,forward,0.0,13,None,None,None,47
None,21,red,forward,0.0,14,None,None,None,47
None,20,red,forward,0.0,15,None,None,None,47
forward,19,green,forward,2.0,16,None,None,None,47
forward,18,green,forward,2.0,17,None,None,None,47
forward,17,green,forward,2.0,18,None,None,None,47
forward,16,green,forward,2.0,19,None,None,None,47
None,15,red,forward,0.0,20,None,None,None,47
forward,14,green,forward,2.0,21,None,None,forward,47
right,13,red,right,2.0,22,None,None,None,47
forward,12,green,forward,2.0,23,None,None,None,47
None,11,red,forward,0.0,24,None,None,None,47
None,10,red,forward,0.0,25,None,None,None,47
None,9,red,forward,0.0,26,None,None,None,47
None,8,red,forward,0.0,27,None,None,None,47
forward,7,green,forward,12.0,28,None,None,None,47
right,25,red,left,-0.5,0,None,None,None,48
right,24,red,right,2.0,1,None,None,None,48
forward,23,green,right,-0.5,2,None,None,None,48
right,22,red,right,2.0,3,None,None,None,48
None,21,red,forward,0.0,4,None,None,None,48
None,20,red,forward,0.0,5,None,None,None,48
forward,19,green,forward,2.0,6,None,None,None,48
None,18,red,forward,0.0,7,None,None,None,48
forward,17,green,forward,2.0,8,None,None,None,48
None,16,red,forward,0.0,9,None,None,None,48
None,15,red,forward,0.0,10,None,None,None,48
None,14,red,forward,0.0,11,None,None,None,48
forward,13,green,forward,2.0,12,None,None,None,48
forward,12,green,forward,2.0,13,None,None,None,48
forward,11,green,right,-0.5,14,None,None,None,48
None,10,red,forward,0.0,15,None,None,None,48
forward,9,green,forward,2.0,16,None,None,None,48
None,8,red,forward,0.0,17,None,None,None,48
None,7,red,forward,0.0,18,None,None,None,48
None,6,red,forward,0.0,19,None,None,None,48
forward,5,green,forward,2.0,20,None,None,None,48
forward,4,green,forward,2.0,21,None,None,None,48
None,3,red,forward,0.0,22,None,None,None,48
None,2,red,forward,0.0,23,None,None,None,48
forward,1,green,forward,2.0,24,None,None,None,48
forward,0,green,forward,2.0,25,None,None,None,48
forward,35,green,forward,2.0,0,None,None,None,49
forward,34,green,forward,2.0,1,None,None,None,49
None,33,red,forward,0.0,2,None,None,None,49
None,32,red,forward,0.0,3,None,None,None,49
forward,31,green,forward,2.0,4,None,None,None,49
None,30,red,forward,0.0,5,None,None,None,49
forward,29,green,forward,2.0,6,None,None,None,49
None,28,green,forward,0.0,7,None,forward,None,49
forward,27,green,forward,2.0,8,None,None,None,49
left,26,green,left,2.0,9,None,None,None,49
forward,25,green,forward,12.0,10,None,None,None,49
right,35,red,right,2.0,0,None,None,None,50
forward,34,green,right,-0.5,1,None,None,None,50
right,33,red,right,2.0,2,None,None,None,50
None,32,red,forward,0.0,3,None,None,None,50
None,31,red,forward,0.0,4,None,None,None,50
None,30,red,forward,0.0,5,None,None,None,50
forward,29,green,forward,2.0,6,None,None,None,50
None,28,red,forward,0.0,7,None,None,None,50
None,27,red,forward,0.0,8,None,None,None,50
None,26,red,forward,0.0,9,None,None,None,50
forward,25,green,forward,2.0,10,None,None,None,50
None,24,red,forward,0.0,11,None,None,None,50
forward,23,green,forward,2.0,12,None,None,None,50
None,22,red,forward,0.0,13,None,None,None,50
None,21,red,forward,0.0,14,None,None,None,50
None,20,red,forward,0.0,15,None,None,None,50
forward,19,green,forward,2.0,16,None,None,None,50
None,18,red,forward,0.0,17,None,None,None,50
forward,17,green,forward,2.0,18,None,None,None,50
forward,16,green,right,-0.5,19,None,None,None,50
right,15,red,right,2.0,20,None,None,None,50
forward,14,green,right,-0.5,21,None,None,None,50
right,13,red,right,2.0,22,None,None,None,50
forward,12,green,right,-0.5,23,None,None,None,50
right,11,red,right,2.0,24,None,None,None,50
right,10,red,right,12.0,25,None,None,None,50
forward,30,green,right,-0.5,0,None,None,None,51
right,29,red,right,2.0,1,None,None,None,51
forward,28,green,right,-0.5,2,None,None,None,51
forward,27,green,right,-0.5,3,None,None,None,51
right,26,red,right,2.0,4,None,None,None,51
None,25,red,forward,0.0,5,None,None,None,51
None,24,red,forward,0.0,6,None,left,None,51
right,23,red,forward,-0.5,7,None,left,None,51
right,22,red,left,-0.5,8,None,None,None,51
forward,21,green,right,-0.5,9,None,None,None,51
right,20,red,right,2.0,10,None,None,None,51
forward,19,green,right,-0.5,11,None,None,None,51
forward,18,green,right,-0.5,12,None,None,None,51
forward,17,green,right,-0.5,13,None,None,None,51
forward,16,green,right,-0.5,14,None,None,None,51
forward,15,green,right,-0.5,15,None,None,None,51
forward,14,green,right,-0.5,16,None,None,None,51
right,13,red,right,2.0,17,None,None,None,51
None,12,red,forward,0.0,18,None,None,None,51
None,11,red,forward,0.0,19,None,None,None,51
forward,10,green,forward,2.0,20,None,None,None,51
forward,9,green,forward,2.0,21,None,None,None,51
forward,8,green,forward,2.0,22,None,None,None,51
None,7,red,forward,0.0,23,None,None,None,51
forward,6,green,forward,12.0,24,None,None,None,51
right,20,red,right,2.0,0,None,None,None,52
None,19,red,forward,0.0,1,None,None,None,52
None,18,red,forward,0.0,2,None,None,None,52
None,17,red,forward,0.0,3,None,None,None,52
forward,16,green,forward,2.0,4,None,None,None,52
left,15,green,left,2.0,5,None,None,None,52
None,14,red,forward,0.0,6,None,None,None,52
None,13,red,forward,0.0,7,None,None,None,52
None,12,red,forward,0.0,8,None,None,None,52
None,11,red,forward,0.0,9,None,None,None,52
forward,10,green,forward,12.0,10,None,None,None,52
left,30,green,left,2.0,0,None,None,None,53
forward,29,green,forward,2.0,1,None,None,None,53
forward,28,green,forward,2.0,2,None,None,None,53
None,27,red,forward,0.0,3,None,None,None,53
forward,26,green,forward,2.0,4,None,None,None,53
left,25,red,right,-1.0,5,left,None,None,53
forward,24,green,right,-0.5,6,left,None,None,53
forward,23,green,right,-0.5,7,None,None,None,53
forward,22,green,forward,2.0,8,None,None,None,53
None,21,red,forward,0.0,9,None,None,None,53
forward,20,green,forward,2.0,10,None,None,None,53
forward,19,green,forward,2.0,11,None,None,None,53
forward,18,green,forward,2.0,12,None,None,None,53
None,17,red,forward,0.0,13,None,None,None,53
None,16,red,forward,0.0,14,None,None,None,53
None,15,red,forward,0.0,15,None,None,None,53
forward,14,green,forward,2.0,16,None,None,None,53
None,13,red,forward,0.0,17,None,None,None,53
None,12,red,forward,0.0,18,None,None,None,53
None,11,red,forward,0.0,19,None,None,None,53
forward,10,green,forward,2.0,20,None,None,None,53
left,9,red,right,-1.0,21,None,right,None,53
right,8,red,right,2.0,22,None,None,None,53
None,7,red,forward,0.0,23,None,None,None,53
forward,6,green,forward,12.0,24,None,None,None,53
forward,30,green,forward,2.0,0,None,None,None,54
forward,29,green,forward,2.0,1,None,None,None,54
left,28,green,left,2.0,2,None,None,None,54
forward,27,green,forward,2.0,3,None,None,None,54
None,26,red,forward,0.0,4,None,None,None,54
forward,25,green,forward,2.0,5,None,None,None,54
forward,24,green,forward,12.0,6,None,None,None,54
right,35,red,right,2.0,0,None,None,None,55
None,34,red,forward,0.0,1,None,None,None,55
None,33,red,forward,0.0,2,None,None,None,55
None,32,red,forward,0.0,3,None,None,None,55
None,31,red,forward,0.0,4,None,None,None,55
forward,30,green,forward,2.0,5,None,None,None,55
None,29,red,forward,0.0,6,None,None,None,55
None,28,red,forward,0.0,7,None,None,None,55
None,27,red,forward,0.0,8,None,None,None,55
None,26,red,forward,0.0,9,None,None,None,55
forward,25,green,forward,2.0,10,None,None,None,55
None,24,red,forward,0.0,11,None,None,None,55
forward,23,green,forward,2.0,12,None,None,None,55
None,22,red,forward,0.0,13,None,None,None,55
None,21,red,forward,0.0,14,None,None,None,55
forward,20,green,forward,2.0,15,None,None,None,55
None,19,red,forward,0.0,16,right,None,None,55
None,18,red,forward,0.0,17,None,None,None,55
None,17,red,forward,0.0,18,None,None,None,55
None,16,red,forward,0.0,19,None,None,None,55
forward,15,green,forward,2.0,20,None,None,None,55
left,14,green,left,12.0,21,None,None,None,55
right,45,red,left,-0.5,0,None,None,None,56
forward,44,green,forward,2.0,1,None,None,None,56
forward,43,green,right,-0.5,2,None,None,None,56
forward,42,green,right,-0.5,3,None,None,None,56
right,41,red,right,2.0,4,None,None,None,56
forward,40,green,right,-0.5,5,None,None,None,56
forward,39,green,right,-0.5,6,None,None,None,56
forward,38,green,right,-0.5,7,None,None,None,56
right,37,red,right,2.0,8,None,None,None,56
None,36,red,forward,0.0,9,None,None,None,56
None,35,red,forward,0.0,10,None,None,None,56
None,34,red,forward,0.0,11,None,None,None,56
forward,33,green,forward,2.0,12,None,None,None,56
forward,32,green,right,-0.5,13,None,None,right,56
forward,31,green,right,-0.5,14,None,None,None,56
None,30,red,forward,0.0,15,None,None,None,56
forward,29,green,forward,2.0,16,None,None,None,56
forward,28,green,forward,2.0,17,None,None,None,56
forward,27,green,forward,2.0,18,None,None,None,56
None,26,red,forward,0.0,19,None,None,None,56
left,25,green,forward,-0.5,20,None,None,None,56
right,24,red,right,2.0,21,None,None,None,56
left,23,red,forward,-1.0,22,None,forward,None,56
forward,22,red,forward,-1.0,23,None,forward,None,56
left,21,green,forward,-0.5,24,None,None,None,56
right,20,red,right,2.0,25,None,None,None,56
None,19,red,forward,0.0,26,None,None,None,56
None,18,red,forward,0.0,27,None,None,None,56
None,17,red,forward,0.0,28,None,None,None,56
None,16,red,forward,0.0,29,None,None,None,56
forward,15,green,forward,2.0,30,None,None,None,56
forward,14,green,left,-0.5,31,None,None,None,56
forward,13,green,right,-0.5,32,None,None,None,56
left,12,green,forward,-0.5,33,None,None,None,56
right,11,red,right,2.0,34,None,None,None,56
left,10,green,forward,-0.5,35,None,None,None,56
right,9,red,right,2.0,36,None,None,left,56
None,8,red,forward,0.0,37,None,None,None,56
None,7,red,forward,0.0,38,None,None,None,56
left,6,green,forward,-0.5,39,None,None,None,56
forward,5,green,right,-0.5,40,None,None,None,56
forward,4,green,right,-0.5,41,None,None,None,56
right,3,red,right,2.0,42,None,None,None,56
None,2,red,forward,0.0,43,None,None,None,56
None,1,red,forward,0.0,44,None,None,None,56
forward,0,green,forward,2.0,45,None,None,None,56
None,25,red,forward,0.0,0,None,None,None,57
None,24,red,forward,0.0,1,None,None,None,57
None,23,red,forward,0.0,2,None,None,None,57
None,22,red,forward,0.0,3,None,None,None,57
forward,21,green,forward,2.0,4,None,None,None,57
forward,20,green,right,-0.5,5,None,None,None,57
forward,19,green,right,-0.5,6,None,None,None,57
right,18,red,right,2.0,7,None,None,None,57
forward,17,green,right,-0.5,8,None,None,None,57
forward,16,green,right,-0.5,9,None,None,None,57
left,15,green,right,-1.0,10,None,right,None,57
forward,14,green,right,-0.5,11,None,None,None,57
right,13,red,right,2.0,12,None,None,None,57
None,12,red,forward,0.0,13,None,None,None,57
None,11,red,forward,0.0,14,None,None,None,57
None,10,red,forward,0.0,15,None,None,None,57
forward,9,green,forward,12.0,16,None,None,None,57
left,20,green,left,2.0,0,None,None,None,58
forward,19,green,forward,2.0,1,None,None,None,58
None,18,red,forward,0.0,2,None,None,None,58
None,17,red,forward,0.0,3,None,None,None,58
None,16,red,forward,0.0,4,None,None,None,58
forward,15,green,forward,2.0,5,None,None,None,58
left,14,green,left,12.0,6,None,None,None,58
left,30,green,left,2.0,0,None,None,None,59
forward,29,green,forward,2.0,1,forward,None,None,59
left,28,green,left,2.0,2,None,None,None,59
None,27,red,forward,0.0,3,None,None,None,59
None,26,red,forward,0.0,4,None,None,None,59
forward,25,green,forward,2.0,5,None,None,None,59
None,24,red,forward,0.0,6,None,None,None,59
None,23,red,forward,0.0,7,None,None,None,59
forward,22,green,forward,2.0,8,None,None,None,59
forward,21,green,forward,12.0,9,None,None,None,59
right,50,red,left,-0.5,0,None,None,None,60
left,49,green,left,2.0,1,None,None,None,60
forward,48,green,forward,2.0,2,None,None,None,60
forward,47,green,forward,12.0,3,None,None,None,60
None,20,red,forward,0.0,0,None,None,None,61
None,19,red,forward,0.0,1,None,None,None,61
None,18,red,forward,0.0,2,None,None,None,61
None,17,red,forward,0.0,3,None,None,None,61
forward,16,green,forward,2.0,4,None,None,None,61
forward,15,green,forward,2.0,5,None,None,None,61
forward,14,green,forward,2.0,6,None,None,None,61
right,13,red,right,12.0,7,None,None,None,61
forward,40,green,right,-0.5,0,None,None,None,62
right,39,red,right,2.0,1,None,None,None,62
None,38,red,forward,0.0,2,None,None,None,62
None,37,red,forward,0.0,3,None,None,None,62
None,36,red,forward,0.0,4,None,None,None,62
forward,35,green,forward,2.0,5,None,None,None,62
None,34,red,forward,0.0,6,None,None,None,62
right,33,red,forward,-0.5,7,None,forward,None,62
right,32,red,left,-0.5,8,None,None,None,62
right,31,red,right,2.0,9,None,None,None,62
forward,30,green,right,-0.5,10,None,None,None,62
forward,29,green,right,-0.5,11,None,None,None,62
right,28,red,right,2.0,12,None,None,None,62
None,27,red,forward,0.0,13,None,None,None,62
None,26,red,forward,0.0,14,None,None,None,62
forward,25,green,forward,2.0,15,None,None,None,62
None,24,red,forward,0.0,16,None,None,None,62
None,23,red,forward,0.0,17,None,None,None,62
None,22,red,forward,0.0,18,None,None,None,62
None,21,red,forward,0.0,19,None,None,None,62
forward,20,green,forward,2.0,20,None,None,None,62
None,19,red,forward,0.0,21,None,None,None,62
None,18,red,forward,0.0,22,None,None,None,62
None,17,red,forward,0.0,23,None,forward,None,62
forward,16,green,forward,12.0,24,None,None,None,62
forward,20,green,forward,2.0,0,None,None,None,63
None,19,red,forward,0.0,1,None,None,None,63
None,18,red,forward,0.0,2,None,None,None,63
None,17,red,forward,0.0,3,None,None,None,63
forward,16,green,forward,2.0,4,None,None,None,63
forward,15,green,forward,2.0,5,None,None,None,63
left,14,green,left,12.0,6,None,None,None,63
forward,35,green,right,-0.5,0,None,None,None,64
forward,34,green,right,-0.5,1,None,None,None,64
forward,33,green,right,-0.5,2,None,None,None,64
right,32,red,right,2.0,3,None,None,None,64
None,31,red,forward,0.0,4,None,None,None,64
None,30,red,forward,0.0,5,None,None,None,64
forward,29,green,forward,2.0,6,None,None,None,64
None,28,red,forward,0.0,7,None,None,None,64
forward,27,green,forward,2.0,8,None,None,None,64
right,26,red,left,-0.5,9,None,None,None,64
forward,25,green,right,-0.5,10,None,None,None,64
right,24,red,right,2.0,11,None,None,None,64
right,23,red,right,2.0,12,None,None,None,64
forward,22,green,right,-0.5,13,None,None,None,64
forward,21,green,right,-0.5,14,left,None,None,64
right,20,red,right,12.0,15,None,None,None,64
None,25,red,forward,0.0,0,None,None,None,65
None,24,red,forward,0.0,1,None,None,None,65
None,23,red,forward,0.0,2,None,None,None,65
forward,22,green,forward,2.0,3,None,None,None,65
forward,21,red,forward,-1.0,4,left,None,None,65
right,20,green,forward,-0.5,5,left,None,None,65
left,19,green,left,2.0,6,None,None,None,65
left,18,green,forward,-0.5,7,None,None,None,65
forward,17,green,right,-0.5,8,None,None,None,65
right,16,red,right,2.0,9,None,None,None,65
right,15,red,left,-0.5,10,None,None,None,65
forward,14,green,right,-0.5,11,None,None,None,65
left,13,green,forward,-0.5,12,None,None,None,65
left,12,green,forward,-0.5,13,None,None,None,65
right,11,red,right,2.0,14,None,None,None,65
None,10,red,forward,0.0,15,None,None,None,65
left,9,red,forward,-1.0,16,None,left,None,65
left,8,red,forward,-1.0,17,None,left,None,65
forward,7,red,forward,-1.0,18,None,left,None,65
forward,6,red,forward,-1.0,19,None,left,None,65
left,5,green,forward,-0.5,20,None,left,None,65
right,4,red,right,2.0,21,None,None,None,65
left,3,green,forward,-0.5,22,None,None,None,65
right,2,red,right,2.0,23,None,None,None,65
left,1,green,forward,-0.5,24,None,None,None,65
forward,0,green,right,-0.5,25,None,None,None,65
forward,25,red,forward,-1.0,0,None,None,None,66
forward,24,red,forward,-1.0,1,None,None,None,66
right,23,red,forward,-0.5,2,None,None,None,66
forward,22,green,left,-0.5,3,None,None,None,66
forward,21,green,left,-0.5,4,None,None,None,66
right,20,red,left,-0.5,5,None,None,None,66
right,19,red,forward,-0.5,6,None,None,None,66
left,18,red,left,-1.0,7,None,None,None,66
forward,17,green,left,-0.5,8,None,None,None,66
forward,16,green,left,-0.5,9,None,None,None,66
right,15,green,left,-0.5,10,None,None,None,66
right,14,red,forward,-0.5,11,None,None,None,66
left,13,red,left,-1.0,12,None,None,None,66
left,12,red,left,-1.0,13,None,None,None,66
right,11,red,left,-0.5,14,None,None,None,66
left,10,green,forward,-0.5,15,None,None,None,66
forward,9,green,right,-0.5,16,None,None,None,66
right,8,red,right,2.0,17,None,None,None,66
None,7,red,forward,0.0,18,None,None,None,66
None,6,red,forward,0.0,19,None,None,None,66
None,5,green,forward,0.0,20,None,None,None,66
None,4,green,forward,0.0,21,None,None,None,66
None,3,green,forward,0.0,22,None,None,None,66
None,2,green,forward,0.0,23,None,None,None,66
None,1,green,forward,0.0,24,None,None,None,66
None,0,red,forward,0.0,25,None,None,None,66
right,20,red,right,2.0,0,None,None,None,67
None,19,green,forward,0.0,1,None,None,None,67
None,18,green,forward,0.0,2,None,None,None,67
None,17,green,forward,0.0,3,None,None,None,67
None,16,green,forward,0.0,4,None,None,None,67
None,15,red,forward,0.0,5,None,None,None,67
None,14,red,forward,0.0,6,None,None,None,67
None,13,red,forward,0.0,7,None,None,None,67
None,12,red,forward,0.0,8,None,None,None,67
None,11,red,forward,0.0,9,None,None,None,67
None,10,green,forward,0.0,10,None,None,None,67
None,9,green,forward,0.0,11,None,None,None,67
None,8,green,forward,0.0,12,None,None,None,67
None,7,green,forward,0.0,13,None,None,None,67
None,6,green,forward,0.0,14,None,None,None,67
None,5,red,forward,0.0,15,None,None,None,67
None,4,red,forward,0.0,16,None,None,None,67
None,3,red,forward,0.0,17,None,None,None,67
None,2,red,forward,0.0,18,None,None,None,67
None,1,red,forward,0.0,19,None,None,None,67
None,0,green,forward,0.0,20,None,None,None,67
None,25,red,left,0.0,0,None,None,None,68
None,24,red,left,0.0,1,None,None,None,68
None,23,red,left,0.0,2,None,None,None,68
None,22,red,left,0.0,3,None,None,None,68
None,21,red,left,0.0,4,None,None,left,68
forward,20,green,left,-0.5,5,None,None,left,68
forward,19,green,left,-0.5,6,None,None,None,68
left,18,green,left,2.0,7,None,None,None,68
None,17,green,forward,0.0,8,None,None,None,68
None,16,green,forward,0.0,9,None,None,None,68
None,15,red,forward,0.0,10,None,None,None,68
None,14,red,forward,0.0,11,None,None,None,68
None,13,red,forward,0.0,12,None,None,None,68
None,12,red,forward,0.0,13,None,None,None,68
None,11,red,forward,0.0,14,None,None,None,68
None,10,green,forward,0.0,15,None,None,None,68
None,9,green,forward,0.0,16,None,None,forward,68
None,8,green,forward,0.0,17,None,None,forward,68
None,7,green,forward,0.0,18,None,None,forward,68
None,6,green,forward,0.0,19,None,None,forward,68
None,5,red,forward,0.0,20,None,None,None,68
None,4,red,forward,0.0,21,None,None,None,68
None,3,red,forward,0.0,22,None,None,None,68
right,2,red,forward,-0.5,23,right,forward,None,68
forward,1,green,left,-0.5,24,None,None,None,68
forward,0,green,left,-0.5,25,None,None,None,68
forward,30,green,left,-0.5,0,None,None,None,69
forward,29,green,left,-0.5,1,None,None,None,69
None,28,red,left,0.0,2,None,None,None,69
None,27,red,left,0.0,3,None,None,None,69
None,26,red,left,0.0,4,None,None,None,69
left,25,green,left,2.0,5,None,None,None,69
forward,24,red,forward,-1.0,6,None,left,None,69
forward,23,red,forward,-1.0,7,None,left,None,69
forward,22,red,forward,-1.0,8,None,left,None,69
right,21,green,forward,-0.5,9,None,left,left,69
None,20,red,left,0.0,10,None,None,None,69
None,19,red,left,0.0,11,None,None,None,69
None,18,green,left,0.0,12,None,None,None,69
None,17,green,left,0.0,13,None,None,None,69
None,16,green,left,0.0,14,None,None,None,69
None,15,red,left,0.0,15,None,None,None,69
None,14,red,left,0.0,16,None,None,None,69
None,13,red,left,0.0,17,None,None,None,69
None,12,green,left,0.0,18,None,None,None,69
None,11,green,left,0.0,19,None,None,None,69
None,10,green,left,0.0,20,None,None,None,69
None,9,red,left,0.0,21,None,None,None,69
None,8,red,left,0.0,22,None,None,None,69
None,7,red,left,0.0,23,None,None,None,69
None,6,green,left,0.0,24,None,None,None,69
None,5,green,left,0.0,25,None,None,None,69
None,4,green,left,0.0,26,None,None,None,69
None,3,red,left,0.0,27,None,None,None,69
None,2,red,left,0.0,28,None,None,None,69
None,1,red,left,0.0,29,None,None,None,69
None,0,green,left,0.0,30,None,None,None,69
right,20,red,right,2.0,0,None,None,None,70
right,19,red,right,2.0,1,None,None,None,70
None,18,green,forward,0.0,2,None,None,None,70
None,17,red,forward,0.0,3,None,None,None,70
None,16,red,forward,0.0,4,None,None,None,70
None,15,red,forward,0.0,5,None,None,None,70
None,14,green,forward,0.0,6,None,None,None,70
None,13,green,forward,0.0,7,None,None,None,70
None,12,green,forward,0.0,8,None,None,None,70
None,11,red,forward,0.0,9,None,None,None,70
None,10,red,forward,0.0,10,None,None,None,70
None,9,red,forward,0.0,11,None,None,None,70
None,8,green,forward,0.0,12,None,None,None,70
None,7,green,forward,0.0,13,None,None,None,70
None,6,green,forward,0.0,14,None,None,None,70
None,5,red,forward,0.0,15,None,None,None,70
None,4,red,forward,0.0,16,None,None,None,70
None,3,red,forward,0.0,17,None,None,None,70
None,2,green,forward,0.0,18,None,None,None,70
None,1,green,forward,0.0,19,None,None,None,70
None,0,green,forward,0.0,20,None,None,None,70
None,35,green,forward,0.0,0,None,None,None,71
None,34,green,forward,0.0,1,None,None,None,71
None,33,green,forward,0.0,2,None,None,None,71
None,32,red,forward,0.0,3,None,None,None,71
None,31,red,forward,0.0,4,None,None,None,71
None,30,red,forward,0.0,5,None,None,None,71
None,29,green,forward,0.0,6,None,None,None,71
None,28,green,forward,0.0,7,None,None,None,71
None,27,green,forward,0.0,8,None,None,None,71
None,26,red,forward,0.0,9,None,None,None,71
None,25,red,forward,0.0,10,None,None,None,71
None,24,red,forward,0.0,11,None,None,None,71
None,23,green,forward,0.0,12,None,None,None,71
None,22,green,forward,0.0,13,None,None,None,71
None,21,green,forward,0.0,14,None,None,None,71
None,20,red,forward,0.0,15,None,None,None,71
None,19,red,forward,0.0,16,None,None,None,71
None,18,red,forward,0.0,17,None,None,None,71
None,17,green,forward,0.0,18,None,None,None,71
None,16,green,forward,0.0,19,None,None,None,71
None,15,green,forward,0.0,20,None,None,None,71
None,14,red,forward,0.0,21,None,forward,None,71
None,13,red,forward,0.0,22,None,forward,None,71
None,12,red,forward,0.0,23,None,forward,None,71
None,11,green,forward,0.0,24,None,None,None,71
None,10,green,forward,0.0,25,None,None,None,71
None,9,green,forward,0.0,26,None,None,None,71
None,8,red,forward,0.0,27,None,None,None,71
None,7,red,forward,0.0,28,None,None,None,71
None,6,red,forward,0.0,29,None,None,None,71
None,5,green,forward,0.0,30,None,None,None,71
None,4,green,forward,0.0,31,None,None,None,71
None,3,green,forward,0.0,32,None,None,None,71
None,2,red,forward,0.0,33,None,None,None,71
None,1,red,forward,0.0,34,None,None,None,71
None,0,red,forward,0.0,35,None,None,None,71
right,35,red,right,2.0,0,None,None,None,72
right,34,red,right,2.0,1,None,None,None,72
None,33,green,forward,0.0,2,None,None,None,72
None,32,red,forward,0.0,3,None,None,None,72
None,31,red,forward,0.0,4,None,None,None,72
None,30,red,forward,0.0,5,None,None,None,72
None,29,green,forward,0.0,6,None,None,None,72
None,28,green,forward,0.0,7,None,None,None,72
None,27,green,forward,0.0,8,None,None,None,72
None,26,red,forward,0.0,9,None,None,None,72
None,25,red,forward,0.0,10,None,None,None,72
None,24,red,forward,0.0,11,None,None,None,72
None,23,green,forward,0.0,12,None,None,None,72
None,22,green,forward,0.0,13,None,None,None,72
None,21,green,forward,0.0,14,None,None,None,72
None,20,red,forward,0.0,15,None,None,None,72
None,19,red,forward,0.0,16,None,None,None,72
None,18,red,forward,0.0,17,None,None,None,72
None,17,green,forward,0.0,18,None,None,None,72
None,16,green,forward,0.0,19,None,None,None,72
None,15,green,forward,0.0,20,None,None,None,72
None,14,red,forward,0.0,21,None,None,None,72
None,13,red,forward,0.0,22,None,None,None,72
None,12,red,forward,0.0,23,None,None,None,72
None,11,green,forward,0.0,24,None,None,None,72
None,10,green,forward,0.0,25,None,None,None,72
None,9,green,forward,0.0,26,None,None,None,72
None,8,red,forward,0.0,27,None,None,None,72
None,7,red,forward,0.0,28,None,None,None,72
None,6,red,forward,0.0,29,None,None,None,72
None,5,green,forward,0.0,30,None,None,None,72
None,4,green,forward,0.0,31,None,None,None,72
None,3,green,forward,0.0,32,None,None,None,72
None,2,red,forward,0.0,33,None,None,None,72
None,1,red,forward,0.0,34,None,None,None,72
None,0,red,forward,0.0,35,None,None,None,72
None,40,red,left,0.0,0,None,None,None,73
None,39,red,left,0.0,1,None,None,None,73
None,38,red,left,0.0,2,None,None,None,73
None,37,green,left,0.0,3,None,None,None,73
None,36,green,left,0.0,4,None,None,None,73
None,35,green,left,0.0,5,None,None,None,73
None,34,red,left,0.0,6,None,None,None,73
None,33,red,left,0.0,7,None,None,None,73
None,32,red,left,0.0,8,None,None,forward,73
None,31,green,left,0.0,9,None,None,forward,73
None,30,green,left,0.0,10,None,None,forward,73
None,29,green,left,0.0,11,None,None,forward,73
None,28,red,left,0.0,12,None,None,None,73
None,27,red,left,0.0,13,None,None,None,73
None,26,red,left,0.0,14,None,None,None,73
None,25,green,left,0.0,15,None,None,None,73
None,24,green,left,0.0,16,None,None,None,73
None,23,green,left,0.0,17,None,None,None,73
None,22,red,left,0.0,18,None,None,None,73
None,21,red,left,0.0,19,None,None,None,73
None,20,red,left,0.0,20,None,None,None,73
None,19,green,left,0.0,21,None,None,None,73
None,18,green,left,0.0,22,None,None,None,73
None,17,green,left,0.0,23,right,None,None,73
None,16,red,left,0.0,24,None,None,None,73
None,15,red,left,0.0,25,None,None,None,73
None,14,red,left,0.0,26,None,None,None,73
None,13,green,left,0.0,27,None,None,None,73
None,12,green,left,0.0,28,None,None,None,73
None,11,green,left,0.0,29,None,None,None,73
None,10,red,left,0.0,30,None,None,None,73
None,9,red,left,0.0,31,None,None,None,73
None,8,red,left,0.0,32,None,None,None,73
None,7,green,left,0.0,33,None,None,None,73
None,6,green,left,0.0,34,None,None,None,73
None,5,green,left,0.0,35,None,None,None,73
None,4,red,left,0.0,36,None,None,None,73
None,3,red,left,0.0,37,None,None,None,73
None,2,red,left,0.0,38,None,None,None,73
None,1,green,left,0.0,39,None,None,None,73
None,0,green,left,0.0,40,None,None,None,73
forward,35,green,right,-0.5,0,None,None,None,74
right,34,red,right,2.0,1,None,None,None,74
None,33,green,forward,0.0,2,None,None,None,74
None,32,green,forward,0.0,3,None,None,None,74
None,31,green,forward,0.0,4,None,None,None,74
None,30,red,forward,0.0,5,None,None,None,74
None,29,red,forward,0.0,6,None,None,None,74
None,28,red,forward,0.0,7,None,None,None,74
None,27,red,forward,0.0,8,None,None,None,74
None,26,red,forward,0.0,9,None,None,None,74
None,25,green,forward,0.0,10,None,None,None,74
None,24,green,forward,0.0,11,None,None,None,74
None,23,green,forward,0.0,12,None,None,None,74
None,22,green,forward,0.0,13,None,None,None,74
None,21,green,forward,0.0,14,None,None,None,74
None,20,red,forward,0.0,15,None,None,None,74
None,19,red,forward,0.0,16,None,None,None,74
None,18,red,forward,0.0,17,None,None,None,74
None,17,red,forward,0.0,18,None,None,None,74
None,16,red,forward,0.0,19,None,None,None,74
None,15,green,forward,0.0,20,None,None,None,74
None,14,green,forward,0.0,21,None,None,None,74
None,13,green,forward,0.0,22,None,None,None,74
None,12,green,forward,0.0,23,None,None,None,74
None,11,green,forward,0.0,24,None,None,None,74
None,10,red,forward,0.0,25,None,None,None,74
None,9,red,forward,0.0,26,None,None,None,74
None,8,red,forward,0.0,27,None,None,None,74
None,7,red,forward,0.0,28,None,None,None,74
None,6,red,forward,0.0,29,None,None,None,74
None,5,green,forward,0.0,30,None,None,None,74
None,4,green,forward,0.0,31,None,None,None,74
None,3,green,forward,0.0,32,None,None,None,74
None,2,green,forward,0.0,33,None,None,None,74
None,1,green,forward,0.0,34,None,None,None,74
None,0,red,forward,0.0,35,None,None,left,74
forward,25,green,right,-0.5,0,None,None,None,75
right,24,red,right,2.0,1,None,None,None,75
forward,23,green,right,-0.5,2,None,None,None,75
forward,22,green,right,-0.5,3,None,None,None,75
right,21,red,right,2.0,4,None,None,None,75
None,20,red,forward,0.0,5,None,None,None,75
None,19,red,forward,0.0,6,None,None,None,75
None,18,red,forward,0.0,7,None,None,None,75
None,17,green,forward,0.0,8,None,None,None,75
None,16,green,forward,0.0,9,None,None,None,75
None,15,green,forward,0.0,10,None,None,None,75
None,14,green,forward,0.0,11,None,None,None,75
None,13,red,forward,0.0,12,None,None,None,75
None,12,red,forward,0.0,13,None,None,None,75
None,11,red,forward,0.0,14,None,None,None,75
None,10,red,forward,0.0,15,None,None,None,75
None,9,green,forward,0.0,16,None,None,None,75
None,8,green,forward,0.0,17,None,None,None,75
None,7,green,forward,0.0,18,None,None,None,75
None,6,green,forward,0.0,19,None,None,None,75
None,5,red,forward,0.0,20,None,None,None,75
None,4,red,forward,0.0,21,None,None,None,75
None,3,red,forward,0.0,22,None,None,None,75
None,2,red,forward,0.0,23,None,None,None,75
None,1,green,forward,0.0,24,None,None,None,75
None,0,green,forward,0.0,25,None,None,None,75
right,45,red,right,2.0,0,None,None,None,76
forward,44,green,right,-0.5,1,None,None,None,76
right,43,red,right,2.0,2,None,None,None,76
None,42,green,forward,0.0,3,None,None,None,76
None,41,red,forward,0.0,4,None,None,None,76
None,40,red,forward,0.0,5,None,None,None,76
None,39,red,forward,0.0,6,None,None,None,76
None,38,red,forward,0.0,7,None,None,None,76
None,37,green,forward,0.0,8,None,None,None,76
None,36,green,forward,0.0,9,None,None,None,76
None,35,green,forward,0.0,10,None,None,None,76
None,34,green,forward,0.0,11,None,None,None,76
None,33,red,forward,0.0,12,None,None,None,76
None,32,red,forward,0.0,13,None,None,None,76
None,31,red,forward,0.0,14,None,None,None,76
None,30,red,forward,0.0,15,None,None,None,76
None,29,green,forward,0.0,16,None,None,None,76
None,28,green,forward,0.0,17,None,None,None,76
None,27,green,forward,0.0,18,None,None,None,76
None,26,green,forward,0.0,19,None,None,None,76
None,25,red,forward,0.0,20,None,None,None,76
None,24,red,forward,0.0,21,None,None,None,76
None,23,red,forward,0.0,22,None,None,None,76
None,22,red,forward,0.0,23,None,None,None,76
None,21,green,forward,0.0,24,None,None,None,76
None,20,green,forward,0.0,25,None,None,None,76
None,19,green,forward,0.0,26,None,None,None,76
None,18,green,forward,0.0,27,None,None,None,76
None,17,red,forward,0.0,28,None,None,None,76
None,16,red,forward,0.0,29,None,None,None,76
None,15,red,forward,0.0,30,None,None,None,76
None,14,red,forward,0.0,31,None,None,None,76
None,13,green,forward,0.0,32,None,None,None,76
None,12,green,forward,0.0,33,None,None,None,76
None,11,green,forward,0.0,34,None,None,None,76
None,10,green,forward,0.0,35,None,None,None,76
None,9,red,forward,0.0,36,None,None,None,76
None,8,red,forward,0.0,37,None,None,None,76
None,7,red,forward,0.0,38,None,None,None,76
None,6,red,forward,0.0,39,None,None,None,76
None,5,green,forward,0.0,40,None,None,None,76
None,4,green,forward,0.0,41,None,None,None,76
None,3,green,forward,0.0,42,None,None,None,76
None,2,green,forward,0.0,43,None,None,None,76
None,1,red,forward,0.0,44,None,None,None,76
None,0,red,forward,0.0,45,None,None,None,76
None,25,green,left,0.0,0,None,None,None,77
None,24,green,left,0.0,1,None,None,None,77
None,23,green,left,0.0,2,None,None,None,77
None,22,green,left,0.0,3,None,None,None,77
None,21,green,left,0.0,4,None,None,None,77
None,20,red,left,0.0,5,None,None,None,77
None,19,red,left,0.0,6,None,None,None,77
None,18,red,left,0.0,7,None,None,None,77
right,17,red,left,-0.5,8,None,forward,None,77
right,16,red,right,2.0,9,None,None,None,77
left,15,green,right,-0.5,10,None,None,None,77
right,14,red,right,2.0,11,None,None,None,77
forward,13,green,right,-0.5,12,None,None,None,77
right,12,red,right,2.0,13,None,None,None,77
None,11,red,forward,0.0,14,None,None,None,77
None,10,green,forward,0.0,15,None,None,None,77
forward,9,green,forward,2.0,16,forward,None,None,77
None,8,green,forward,0.0,17,None,None,None,77
None,7,green,forward,0.0,18,None,None,None,77
None,6,green,forward,0.0,19,None,None,None,77
None,5,red,forward,0.0,20,None,None,None,77
None,4,red,forward,0.0,21,None,None,None,77
None,3,red,forward,0.0,22,None,None,None,77
None,2,red,forward,0.0,23,None,None,None,77
None,1,green,forward,0.0,24,None,None,left,77
None,0,green,forward,0.0,25,None,None,left,77
right,30,red,right,2.0,0,None,None,None,78
None,29,green,forward,0.0,1,None,None,None,78
None,28,green,forward,0.0,2,None,None,None,78
None,27,green,forward,0.0,3,None,None,None,78
None,26,red,forward,0.0,4,None,None,None,78
None,25,red,forward,0.0,5,None,None,None,78
None,24,red,forward,0.0,6,None,None,None,78
None,23,red,forward,0.0,7,None,None,None,78
None,22,green,forward,0.0,8,None,None,None,78
None,21,green,forward,0.0,9,None,None,None,78
None,20,green,forward,0.0,10,None,None,None,78
None,19,green,forward,0.0,11,None,None,None,78
None,18,red,forward,0.0,12,None,None,None,78
None,17,red,forward,0.0,13,None,None,None,78
None,16,red,forward,0.0,14,None,None,None,78
None,15,red,forward,0.0,15,None,None,None,78
None,14,green,forward,0.0,16,None,None,right,78
None,13,green,forward,0.0,17,None,None,right,78
None,12,green,forward,0.0,18,None,None,right,78
None,11,green,forward,0.0,19,None,None,right,78
None,10,red,forward,0.0,20,None,None,None,78
None,9,red,forward,0.0,21,None,None,None,78
None,8,red,forward,0.0,22,None,None,None,78
None,7,red,forward,0.0,23,None,None,None,78
None,6,green,forward,0.0,24,None,None,None,78
None,5,green,forward,0.0,25,None,None,None,78
None,4,green,forward,0.0,26,None,None,None,78
None,3,green,forward,0.0,27,None,None,None,78
None,2,red,forward,0.0,28,None,None,None,78
left,1,red,forward,-1.0,29,None,None,None,78
right,0,red,forward,-0.5,30,None,None,None,78
right,25,red,right,2.0,0,None,None,None,79
forward,24,green,right,-0.5,1,None,None,None,79
right,23,red,right,2.0,2,None,None,None,79
right,22,red,forward,-0.5,3,None,None,None,79
None,21,red,left,0.0,4,None,None,None,79
right,20,red,left,-0.5,5,right,None,None,79
left,19,red,right,-1.0,6,None,None,None,79
right,18,red,right,2.0,7,None,None,None,79
left,17,red,right,-1.0,8,None,None,None,79
left,16,red,right,-1.0,9,None,None,forward,79
left,15,red,right,-1.0,10,None,None,None,79
right,14,red,right,2.0,11,None,None,None,79
None,13,green,forward,0.0,12,None,None,None,79
None,12,green,forward,0.0,13,None,None,None,79
None,11,green,forward,0.0,14,None,None,None,79
right,10,red,forward,-0.5,15,None,None,None,79
None,9,red,left,0.0,16,None,None,None,79
None,8,red,left,0.0,17,None,None,None,79
None,7,green,left,0.0,18,None,None,None,79
None,6,green,left,0.0,19,None,None,None,79
None,5,green,left,0.0,20,None,None,None,79
None,4,red,left,0.0,21,None,None,None,79
None,3,red,left,0.0,22,None,None,None,79
None,2,red,left,0.0,23,None,None,None,79
None,1,green,left,0.0,24,None,None,None,79
None,0,green,left,0.0,25,None,None,None,79
right,45,red,forward,-0.5,0,None,None,None,80
None,44,red,left,0.0,1,None,None,None,80
None,43,red,left,0.0,2,None,None,None,80
None,42,red,left,0.0,3,None,None,None,80
None,41,red,left,0.0,4,None,None,right,80
right,40,green,left,-0.5,5,left,None,None,80
forward,39,green,right,-0.5,6,None,None,None,80
forward,38,green,right,-0.5,7,None,None,None,80
left,37,red,right,-1.0,8,None,None,None,80
left,36,green,right,-0.5,9,None,None,None,80
left,35,red,left,-1.0,10,None,None,None,80
left,34,red,left,-1.0,11,None,None,None,80
None,33,red,left,0.0,12,None,None,None,80
left,32,red,left,-1.0,13,None,None,None,80
left,31,red,left,-1.0,14,None,None,None,80
forward,30,green,left,-0.5,15,None,None,None,80
forward,29,green,left,-0.5,16,None,None,None,80
right,28,red,left,-0.5,17,None,None,None,80
left,27,red,right,-1.0,18,None,None,None,80
left,26,red,right,-1.0,19,None,None,None,80
left,25,red,right,-1.0,20,None,None,None,80
forward,24,green,right,-0.5,21,None,None,None,80
right,23,red,right,2.0,22,None,None,None,80
right,22,red,right,2.0,23,None,None,None,80
right,21,red,forward,-0.5,24,None,None,None,80
right,20,green,left,-0.5,25,None,None,None,80
forward,19,green,right,-0.5,26,None,None,None,80
None,18,green,right,0.0,27,None,None,None,80
forward,17,green,right,-0.5,28,None,None,None,80
left,16,red,right,-1.0,29,None,None,None,80
None,15,green,right,0.0,30,None,None,None,80
None,14,green,right,0.0,31,None,None,None,80
None,13,green,right,0.0,32,None,None,None,80
left,12,red,right,-1.0,33,None,None,None,80
left,11,red,right,-1.0,34,None,None,None,80
right,10,red,right,2.0,35,None,None,None,80
left,9,red,right,-1.0,36,None,None,None,80
left,8,red,right,-1.0,37,None,None,None,80
left,7,red,right,-1.0,38,None,None,None,80
right,6,red,right,2.0,39,None,None,None,80
right,5,red,forward,-0.5,40,None,None,None,80
right,4,green,left,-0.5,41,None,None,None,80
None,3,green,right,0.0,42,None,None,None,80
None,2,green,right,0.0,43,None,None,None,80
None,1,green,right,0.0,44,None,None,None,80
left,0,red,right,-1.0,45,None,None,None,80
None,20,green,forward,0.0,0,None,None,None,81
None,19,green,forward,0.0,1,None,None,None,81
None,18,green,forward,0.0,2,None,None,None,81
None,17,green,forward,0.0,3,None,None,None,81
right,16,red,forward,-0.5,4,None,None,None,81
right,15,red,left,-0.5,5,None,None,None,81
None,14,green,right,0.0,6,None,None,None,81
None,13,green,right,0.0,7,None,None,None,81
left,12,red,right,-1.0,8,None,None,None,81
left,11,red,right,-1.0,9,None,None,None,81
left,10,red,right,-1.0,10,None,None,None,81
forward,9,red,right,-1.0,11,None,None,None,81
None,8,green,right,0.0,12,None,None,None,81
None,7,green,right,0.0,13,None,None,None,81
None,6,green,right,0.0,14,None,None,None,81
None,5,green,right,0.0,15,None,None,None,81
forward,4,red,right,-1.0,16,forward,None,None,81
forward,3,red,right,-1.0,17,None,None,None,81
forward,2,red,right,-1.0,18,None,None,None,81
right,1,red,right,2.0,19,None,None,None,81
forward,0,green,right,-0.5,20,None,None,None,81
forward,35,green,right,-0.5,0,None,None,None,82
forward,34,red,right,-1.0,1,None,None,None,82
forward,33,red,right,-1.0,2,None,None,None,82
left,32,red,right,-1.0,3,None,left,None,82
forward,31,green,right,-0.5,4,None,left,None,82
forward,30,red,right,-1.0,5,None,None,None,82
forward,29,red,right,-1.0,6,None,None,None,82
forward,28,red,right,-1.0,7,None,None,None,82
right,27,red,right,2.0,8,None,None,None,82
right,26,red,forward,-0.5,9,None,None,None,82
right,25,red,left,-0.5,10,None,None,None,82
forward,24,green,right,-0.5,11,None,None,None,82
forward,23,red,right,-1.0,12,None,None,None,82
forward,22,red,right,-1.0,13,None,None,None,82
forward,21,red,right,-1.0,14,None,None,None,82
right,20,red,right,2.0,15,None,None,None,82
forward,19,green,right,-0.5,16,None,None,None,82
forward,18,red,right,-1.0,17,None,None,None,82
forward,17,red,right,-1.0,18,None,None,None,82
forward,16,red,right,-1.0,19,None,None,None,82
forward,15,green,right,-0.5,20,None,None,None,82
forward,14,green,right,-0.5,21,None,None,None,82
forward,13,red,right,-1.0,22,None,None,None,82
forward,12,red,right,-1.0,23,None,None,None,82
left,11,green,right,-0.5,24,None,None,None,82
None,10,green,forward,0.0,25,None,None,None,82
None,9,green,forward,0.0,26,None,None,None,82
None,8,green,forward,0.0,27,None,None,None,82
None,7,green,forward,0.0,28,None,None,None,82
None,6,green,forward,0.0,29,None,None,None,82
right,5,red,forward,-0.5,30,None,None,None,82
right,4,green,left,-0.5,31,None,None,None,82
right,3,red,forward,-0.5,32,None,None,None,82
left,2,green,left,2.0,33,None,None,None,82
right,1,red,forward,-0.5,34,None,None,None,82
forward,0,red,left,-1.0,35,None,None,None,82
left,25,green,right,-0.5,0,None,None,None,83
left,24,green,left,2.0,1,None,None,None,83
forward,23,green,forward,2.0,2,None,None,None,83
forward,22,red,forward,-1.0,3,None,None,None,83
forward,21,red,forward,-1.0,4,None,None,None,83
None,20,green,forward,0.0,5,None,None,None,83
None,19,green,forward,0.0,6,None,None,None,83
None,18,green,forward,0.0,7,None,None,None,83
None,17,green,forward,0.0,8,None,None,None,83
None,16,green,forward,0.0,9,None,None,None,83
forward,15,red,forward,-1.0,10,None,None,None,83
forward,14,red,forward,-1.0,11,None,None,None,83
left,13,red,forward,-1.0,12,None,None,None,83
left,12,red,forward,-1.0,13,None,None,None,83
None,11,red,forward,0.0,14,None,None,None,83
left,10,green,forward,-0.5,15,None,None,None,83
right,9,red,right,2.0,16,None,None,None,83
right,8,red,left,-0.5,17,None,None,None,83
right,7,red,right,2.0,18,None,None,None,83
left,6,green,right,-0.5,19,None,None,None,83
right,5,red,left,-0.5,20,None,None,None,83
left,4,green,right,-0.5,21,None,None,None,83
right,3,red,left,-0.5,22,None,None,None,83
left,2,green,right,-0.5,23,None,None,None,83
left,1,red,left,-1.0,24,None,None,None,83
left,0,green,left,2.0,25,None,None,None,83
right,40,red,right,2.0,0,None,None,None,84
None,39,green,right,0.0,1,None,None,None,84
None,38,green,right,0.0,2,None,None,None,84
None,37,green,right,0.0,3,None,None,None,84
None,36,green,right,0.0,4,None,None,None,84
right,35,red,right,2.0,5,None,None,None,84
left,34,green,forward,-0.5,6,None,None,None,84
right,33,red,right,2.0,7,None,None,None,84
left,32,red,forward,-1.0,8,None,None,None,84
left,31,green,forward,-0.5,9,None,None,None,84
None,30,green,right,0.0,10,None,None,None,84
None,29,green,right,0.0,11,None,None,None,84
None,28,green,right,0.0,12,None,None,None,84
None,27,green,right,0.0,13,None,None,None,84
None,26,green,right,0.0,14,None,None,None,84
forward,25,red,right,-1.0,15,None,None,None,84
forward,24,red,right,-1.0,16,None,None,None,84
right,23,red,right,2.0,17,None,None,None,84
left,22,red,left,-1.0,18,None,None,None,84
left,21,red,left,-1.0,19,None,None,None,84
None,20,red,left,0.0,20,None,right,None,84
left,19,green,left,2.0,21,None,None,None,84
left,18,red,forward,-1.0,22,None,None,None,84
left,17,red,forward,-1.0,23,None,None,None,84
left,16,green,forward,-0.5,24,None,None,None,84
right,15,green,right,2.0,25,None,None,None,84
right,14,green,right,12.0,26,None,None,None,84
left,45,green,left,2.0,0,None,None,None,85
left,44,green,forward,-0.5,1,None,None,None,85
forward,43,red,right,-1.0,2,None,None,None,85
right,42,green,right,2.0,3,None,None,None,85
left,41,green,forward,-0.5,4,None,None,None,85
forward,40,red,right,-1.0,5,None,None,None,85
forward,39,red,right,-1.0,6,None,None,None,85
forward,38,red,right,-1.0,7,None,None,None,85
right,37,green,right,2.0,8,None,None,None,85
left,36,red,forward,-1.0,9,None,None,None,85
left,35,red,forward,-1.0,10,None,None,None,85
left,34,red,forward,-1.0,11,None,None,None,85
left,33,green,forward,-0.5,12,None,None,None,85
forward,32,red,right,-1.0,13,None,None,None,85
forward,31,red,right,-1.0,14,None,None,None,85
right,30,green,right,2.0,15,None,None,None,85
left,29,red,forward,-1.0,16,None,None,None,85
left,28,red,forward,-1.0,17,None,None,None,85
left,27,red,forward,-1.0,18,None,None,None,85
right,26,red,forward,-0.5,19,None,None,None,85
left,25,green,left,12.0,20,None,None,None,85
forward,30,red,right,-1.0,0,None,None,None,86
forward,29,red,right,-1.0,1,None,None,None,86
right,28,red,right,2.0,2,None,None,None,86
right,27,green,right,2.0,3,None,None,None,86
right,26,red,forward,-0.5,4,None,None,None,86
left,25,green,left,2.0,5,None,None,None,86
right,24,green,right,2.0,6,None,None,None,86
None,23,green,forward,0.0,7,None,forward,None,86
left,22,green,forward,-0.5,8,None,None,None,86
forward,21,red,right,-1.0,9,None,None,None,86
forward,20,red,right,-1.0,10,None,None,None,86
right,19,red,right,2.0,11,None,None,None,86
right,18,green,right,2.0,12,None,None,None,86
left,17,green,left,2.0,13,None,None,None,86
right,16,red,forward,-0.5,14,None,None,None,86
right,15,green,right,2.0,15,None,None,None,86
right,14,red,right,2.0,16,None,None,None,86
right,13,red,right,2.0,17,None,None,None,86
left,12,green,forward,-0.5,18,None,None,None,86
forward,11,red,right,-1.0,19,None,None,None,86
right,10,green,right,2.0,20,None,None,None,86
right,9,green,right,12.0,21,None,None,None,86
right,30,green,right,2.0,0,None,None,None,87
left,29,red,left,-1.0,1,None,None,None,87
left,28,red,left,-1.0,2,None,None,None,87
left,27,green,left,2.0,3,None,None,None,87
right,26,red,forward,-0.5,4,None,None,forward,87
forward,25,red,right,-1.0,5,None,None,None,87
forward,24,red,right,-1.0,6,None,None,None,87
forward,23,red,right,-1.0,7,None,None,None,87
right,22,green,right,2.0,8,None,None,None,87
forward,21,red,right,-1.0,9,None,None,None,87
forward,20,red,right,-1.0,10,None,None,None,87
forward,19,red,right,-1.0,11,None,None,None,87
right,18,green,right,2.0,12,None,None,None,87
forward,17,red,right,-1.0,13,None,None,None,87
forward,16,red,right,-1.0,14,None,None,None,87
right,15,green,right,2.0,15,None,None,None,87
right,14,red,forward,-0.5,16,None,None,None,87
right,13,green,right,2.0,17,None,None,None,87
forward,12,red,right,-1.0,18,None,None,None,87
forward,11,red,right,-1.0,19,None,None,None,87
right,10,green,right,2.0,20,None,None,None,87
right,9,green,right,2.0,21,None,None,None,87
right,8,red,forward,-0.5,22,None,None,None,87
forward,7,red,right,-1.0,23,None,None,None,87
right,6,green,right,2.0,24,None,None,None,87
forward,5,red,right,-1.0,25,None,None,None,87
forward,4,red,right,-1.0,26,None,None,None,87
forward,3,red,right,-1.0,27,None,None,None,87
right,2,green,right,2.0,28,None,forward,None,87
right,1,green,right,2.0,29,None,None,None,87
left,0,green,forward,-0.5,30,None,None,right,87
left,20,green,left,2.0,0,None,None,None,88
right,19,red,forward,-0.5,1,None,None,None,88
left,18,green,left,2.0,2,None,None,None,88
left,17,green,forward,-0.5,3,None,None,None,88
forward,16,red,right,-1.0,4,None,None,None,88
forward,15,red,right,-1.0,5,None,None,None,88
right,14,green,right,2.0,6,None,None,None,88
left,13,green,left,12.0,7,None,None,None,88
left,35,green,left,2.0,0,None,None,None,89
right,34,red,forward,-0.5,1,None,None,None,89
left,33,green,left,12.0,2,None,None,None,89
forward,25,red,right,-1.0,0,None,None,None,90
forward,24,red,right,-1.0,1,None,None,None,90
forward,23,red,right,-1.0,2,None,None,None,90
right,22,red,right,2.0,3,None,None,None,90
left,21,green,left,2.0,4,None,None,None,90
left,20,green,forward,-0.5,5,None,None,None,90
right,19,green,right,2.0,6,None,None,None,90
right,18,red,right,2.0,7,None,None,None,90
left,17,green,left,2.0,8,None,None,None,90
right,16,red,forward,-0.5,9,None,None,None,90
right,15,green,right,2.0,10,None,None,None,90
right,14,green,right,2.0,11,None,None,None,90
right,13,green,right,2.0,12,None,None,None,90
left,12,green,forward,-0.5,13,None,None,None,90
right,11,red,right,2.0,14,None,None,None,90
right,10,green,right,12.0,15,None,None,None,90
forward,25,green,right,-0.5,0,left,None,None,91
right,24,green,right,2.0,1,None,None,None,91
None,23,green,forward,0.0,2,None,None,None,91
left,22,green,forward,-0.5,3,None,None,None,91
right,21,red,right,2.0,4,None,None,None,91
right,20,red,forward,-0.5,5,None,None,None,91
left,19,red,left,-1.0,6,None,None,None,91
left,18,red,left,-1.0,7,None,None,None,91
left,17,red,left,-1.0,8,None,None,None,91
left,16,red,left,-1.0,9,None,None,None,91
left,15,green,left,2.0,10,None,None,None,91
left,14,green,left,2.0,11,None,None,None,91
right,13,red,forward,-0.5,12,None,None,None,91
right,12,green,right,2.0,13,None,None,None,91
right,11,red,right,2.0,14,None,None,None,91
right,10,green,right,2.0,15,None,None,None,91
left,9,green,forward,-0.5,16,None,None,None,91
right,8,red,right,2.0,17,None,None,None,91
right,7,red,right,2.0,18,None,None,None,91
left,6,red,left,-1.0,19,None,None,None,91
left,5,red,left,-1.0,20,None,None,None,91
left,4,green,left,12.0,21,None,None,None,91
left,35,red,left,-1.0,0,None,None,None,92
left,34,red,left,-1.0,1,None,None,None,92
left,33,red,left,-1.0,2,None,None,None,92
left,32,green,left,2.0,3,None,None,None,92
left,31,green,forward,-0.5,4,None,None,None,92
right,30,red,right,2.0,5,None,None,None,92
left,29,green,forward,-0.5,6,None,None,None,92
right,28,red,right,2.0,7,None,None,None,92
left,27,green,forward,-0.5,8,None,None,None,92
right,26,red,right,12.0,9,None,None,None,92
left,25,red,left,-1.0,0,None,None,None,93
left,24,red,left,-1.0,1,None,None,None,93
left,23,red,left,-1.0,2,None,None,None,93
left,22,green,left,2.0,3,None,None,None,93
left,21,green,forward,-0.5,4,None,None,None,93
right,20,red,right,2.0,5,None,None,None,93
left,19,green,left,2.0,6,None,None,None,93
left,18,green,forward,-0.5,7,None,None,None,93
right,17,red,right,2.0,8,None,None,None,93
right,16,green,right,12.0,9,None,None,None,93
right,55,red,right,2.0,0,None,None,None,94
right,54,red,forward,-0.5,1,None,None,None,94
left,53,green,left,2.0,2,None,None,None,94
right,52,red,forward,-0.5,3,None,None,None,94
left,51,red,left,-1.0,4,None,None,None,94
left,50,red,left,-1.0,5,None,None,None,94
left,49,red,left,-1.0,6,None,None,None,94
left,48,red,left,-1.0,7,None,None,None,94
left,47,green,left,2.0,8,None,None,None,94
forward,46,green,forward,2.0,9,forward,None,None,94
right,45,red,forward,-0.5,10,None,None,None,94
left,44,red,left,-1.0,11,None,None,None,94
left,43,red,left,-1.0,12,None,None,None,94
left,42,red,left,-1.0,13,None,None,None,94
left,41,red,left,-1.0,14,None,None,None,94
left,40,green,left,2.0,15,None,None,None,94
right,39,red,forward,-0.5,16,None,None,None,94
left,38,green,left,2.0,17,None,None,None,94
right,37,red,right,12.0,18,None,None,None,94
right,20,red,right,2.0,0,None,None,None,95
right,19,red,right,2.0,1,None,None,None,95
right,18,red,forward,-0.5,2,None,None,None,95
left,17,red,left,-1.0,3,None,None,None,95
left,16,red,left,-1.0,4,None,None,None,95
left,15,green,left,2.0,5,None,None,None,95
right,14,red,forward,-0.5,6,None,None,None,95
left,13,green,left,12.0,7,None,None,None,95
right,25,green,right,2.0,0,None,None,None,96
forward,24,red,right,-1.0,1,None,None,None,96
forward,23,red,right,-1.0,2,None,None,None,96
right,22,red,right,2.0,3,None,None,None,96
right,21,red,forward,-0.5,4,None,None,None,96
left,20,green,left,2.0,5,None,None,None,96
right,19,red,forward,-0.5,6,None,None,None,96
left,18,red,left,-1.0,7,None,None,None,96
left,17,red,left,-1.0,8,None,None,None,96
left,16,green,left,2.0,9,None,None,None,96
right,15,red,forward,-0.5,10,None,None,None,96
left,14,red,left,-1.0,11,None,None,None,96
left,13,green,left,2.0,12,None,None,None,96
left,12,green,forward,-0.5,13,None,None,None,96
right,11,red,right,2.0,14,None,None,None,96
right,10,red,right,2.0,15,None,None,None,96
left,9,green,forward,-0.5,16,None,None,None,96
right,8,red,forward,-0.5,17,None,None,None,96
left,7,red,left,-1.0,18,None,None,None,96
left,6,red,left,-1.0,19,None,None,None,96
left,5,red,left,-1.0,20,None,None,None,96
left,4,green,left,2.0,21,None,None,None,96
right,3,red,forward,-0.5,22,None,None,None,96
left,2,green,left,2.0,23,None,None,None,96
left,1,green,forward,-0.5,24,None,None,None,96
right,0,red,right,2.0,25,None,None,None,96
left,40,red,left,-1.0,0,None,None,None,97
left,39,red,left,-1.0,1,None,None,None,97
left,38,red,left,-1.0,2,None,None,None,97
left,37,red,left,-1.0,3,None,None,None,97
left,36,green,left,2.0,4,None,None,None,97
right,35,red,forward,-0.5,5,None,None,None,97
left,34,green,left,2.0,6,None,None,None,97
right,33,red,forward,-0.5,7,None,None,None,97
left,32,green,left,2.0,8,None,None,None,97
left,31,green,forward,-0.5,9,None,None,None,97
forward,30,red,right,-1.0,10,None,None,None,97
forward,29,red,right,-1.0,11,None,None,None,97
right,28,green,right,2.0,12,None,None,None,97
right,27,green,right,12.0,13,None,None,None,97
right,25,red,forward,-0.5,0,None,None,None,98
left,24,red,left,-1.0,1,None,None,None,98
left,23,red,left,-1.0,2,None,None,None,98
left,22,green,left,2.0,3,None,None,None,98
right,21,red,forward,-0.5,4,None,None,None,98
left,20,red,left,-1.0,5,None,None,None,98
left,19,green,left,2.0,6,None,None,None,98
right,18,red,forward,-0.5,7,None,None,None,98
left,17,green,left,2.0,8,None,None,None,98
None,16,green,forward,0.0,9,None,None,None,98
None,15,green,forward,0.0,10,None,None,None,98
left,14,green,forward,-0.5,11,None,None,None,98
right,13,green,right,2.0,12,None,None,None,98
left,12,red,left,-1.0,13,None,None,None,98
None,11,red,left,0.0,14,forward,None,None,98
left,10,red,left,-1.0,15,None,None,None,98
left,9,green,left,12.0,16,None,None,None,98
forward,25,red,right,-1.0,0,None,None,None,99
forward,24,red,right,-1.0,1,None,None,None,99
right,23,red,right,2.0,2,None,None,None,99
forward,22,red,right,-1.0,3,None,None,None,99
forward,21,red,right,-1.0,4,None,None,None,99
right,20,green,right,2.0,5,None,None,None,99
right,19,red,forward,-0.5,6,None,None,None,99
left,18,green,left,2.0,7,None,None,None,99
right,17,red,forward,-0.5,8,None,None,None,99
left,16,red,left,-1.0,9,None,None,None,99
left,15,red,left,-1.0,10,None,None,None,99
forward,14,red,left,-1.0,11,None,None,None,99
left,13,green,left,2.0,12,None,None,None,99
right,12,red,forward,-0.5,13,None,None,None,99
left,11,red,left,-1.0,14,None,None,None,99
left,10,green,left,2.0,15,None,None,None,99
left,9,green,forward,-0.5,16,None,None,None,99
right,8,green,right,2.0,17,None,None,None,99
left,7,red,left,-1.0,18,None,None,None,99
left,6,red,left,-1.0,19,None,None,None,99
forward,5,red,left,-1.0,20,None,None,None,99
left,4,green,left,12.0,21,None,None,None,99
right,35,red,forward,-0.5,0,None,None,None,100
left,34,green,left,2.0,1,None,None,None,100
right,33,red,forward,-0.5,2,None,None,None,100
left,32,green,left,2.0,3,None,None,forward,100
right,31,red,forward,-0.5,4,None,None,None,100
left,30,green,left,2.0,5,None,None,None,100
left,29,green,forward,-0.5,6,None,None,None,100
forward,28,green,right,-0.5,7,left,None,None,100
right,27,green,right,2.0,8,None,None,None,100
forward,26,red,right,-1.0,9,None,None,None,100
right,25,green,right,2.0,10,None,None,None,100
right,24,red,forward,-0.5,11,None,None,None,100
forward,23,red,right,-1.0,12,None,None,None,100
forward,22,red,right,-1.0,13,None,None,None,100
right,21,red,right,2.0,14,None,None,None,100
forward,20,red,right,-1.0,15,None,None,None,100
forward,19,red,right,-1.0,16,None,None,None,100
forward,18,red,right,-1.0,17,None,None,None,100
right,17,green,right,2.0,18,None,None,None,100
forward,16,red,right,-1.0,19,None,None,None,100
right,15,green,right,2.0,20,None,None,None,100
right,14,red,forward,-0.5,21,None,None,None,100
right,13,green,right,2.0,22,None,None,None,100
forward,12,red,right,-1.0,23,None,None,None,100
right,11,green,right,2.0,24,None,None,None,100
forward,10,red,right,-1.0,25,None,None,None,100
forward,9,red,right,-1.0,26,None,None,None,100
right,8,red,right,2.0,27,None,None,None,100
left,7,green,forward,-0.5,28,None,None,None,100
right,6,green,right,2.0,29,None,None,None,100
right,5,green,right,12.0,30,None,None,None,100
