action,deadline,light,next_waypoint,reward,traffic_left,traffic_oncoming,traffic_right,trial_num
right,30,red,right,2.0,None,None,None,1
forward,29,green,forward,2.0,None,None,None,1
forward,28,red,forward,-1.0,None,None,None,1
None,27,red,forward,0.0,None,None,None,1
forward,26,green,forward,2.0,None,None,None,1
right,25,green,right,2.0,None,None,None,1
None,24,red,forward,0.0,None,None,None,1
None,23,red,forward,0.0,None,None,None,1
None,22,red,forward,0.0,None,None,None,1
None,21,red,forward,0.0,None,None,None,1
forward,20,green,forward,2.0,None,None,None,1
forward,19,green,forward,12.0,None,None,None,1
right,45,green,right,2.0,None,None,None,2
forward,44,green,forward,2.0,None,None,None,2
None,43,red,forward,0.0,None,None,None,2
None,42,red,forward,0.0,None,None,None,2
forward,41,green,forward,2.0,None,None,None,2
forward,40,red,forward,-1.0,None,forward,None,2
forward,39,green,forward,2.0,None,None,None,2
forward,38,green,forward,2.0,None,None,None,2
forward,37,green,forward,2.0,None,None,None,2
forward,36,green,forward,2.0,None,None,None,2
left,35,green,left,2.0,None,None,None,2
None,34,red,forward,0.0,None,None,None,2
forward,33,green,forward,12.0,None,None,None,2
right,25,green,right,2.0,None,None,None,3
right,24,red,right,2.0,None,None,None,3
right,23,green,right,2.0,None,None,None,3
left,22,green,left,2.0,None,None,None,3
None,21,red,forward,0.0,None,None,None,3
None,20,red,forward,0.0,None,None,None,3
None,19,red,forward,0.0,None,None,None,3
None,18,red,forward,0.0,None,None,None,3
forward,17,green,forward,2.0,None,None,None,3
None,16,red,forward,0.0,None,None,None,3
None,15,red,forward,0.0,None,None,None,3
None,14,red,forward,0.0,None,None,None,3
forward,13,green,forward,2.0,None,None,None,3
forward,12,green,forward,12.0,None,None,None,3
right,60,green,right,2.0,None,None,None,4
forward,59,green,forward,2.0,None,None,None,4
forward,58,green,forward,2.0,None,None,None,4
None,57,red,forward,0.0,None,None,None,4
None,56,red,forward,0.0,None,None,None,4
forward,55,green,forward,2.0,None,None,None,4
None,54,red,forward,0.0,None,None,None,4
None,53,red,forward,0.0,None,None,None,4
forward,52,green,forward,2.0,None,left,None,4
None,51,red,forward,0.0,None,None,None,4
None,50,red,forward,0.0,None,None,None,4
None,49,red,forward,0.0,None,None,None,4
forward,48,green,forward,2.0,None,None,left,4
None,47,red,forward,0.0,None,None,None,4
None,46,red,forward,0.0,None,None,None,4
None,45,red,forward,0.0,None,None,None,4
forward,44,green,forward,2.0,None,None,None,4
right,43,red,right,2.0,None,None,None,4
forward,42,green,forward,2.0,None,None,None,4
forward,41,green,forward,2.0,None,None,None,4
forward,40,green,forward,2.0,None,None,None,4
forward,39,green,forward,12.0,None,None,None,4
None,20,red,forward,0.0,None,None,None,5
None,19,red,forward,0.0,None,None,None,5
None,18,red,forward,0.0,None,None,None,5
None,17,red,forward,0.0,None,None,None,5
forward,16,green,forward,2.0,None,None,None,5
forward,15,green,forward,2.0,None,None,None,5
forward,14,green,forward,2.0,None,None,None,5
None,13,red,forward,0.0,None,None,None,5
forward,12,green,forward,12.0,None,None,None,5
None,25,red,forward,0.0,None,None,None,6
None,24,red,forward,0.0,None,None,None,6
None,23,red,forward,0.0,None,None,None,6
None,22,red,forward,0.0,None,None,None,6
forward,21,green,forward,2.0,None,None,None,6
forward,20,green,forward,2.0,None,None,None,6
left,19,green,left,2.0,None,None,None,6
None,18,red,forward,0.0,None,None,None,6
None,17,red,forward,0.0,None,None,None,6
None,16,red,forward,0.0,None,None,None,6
forward,15,green,forward,2.0,None,None,None,6
forward,14,green,forward,12.0,None,None,None,6
right,30,green,right,2.0,None,None,None,7
right,29,red,right,2.0,None,None,None,7
None,28,red,forward,0.0,None,None,None,7
None,27,red,forward,0.0,None,None,None,7
None,26,red,forward,0.0,None,None,None,7
forward,25,green,forward,2.0,None,None,None,7
forward,24,green,forward,2.0,None,None,None,7
None,23,red,forward,0.0,None,None,None,7
forward,22,green,forward,2.0,None,None,None,7
None,21,red,forward,0.0,None,None,None,7
forward,20,green,forward,12.0,None,None,None,7
left,50,red,left,-1.0,None,None,None,8
None,49,red,left,0.0,None,None,None,8
None,48,red,left,0.0,None,None,None,8
None,47,red,left,0.0,None,None,None,8
None,46,red,left,0.0,None,None,None,8
left,45,green,left,2.0,None,None,None,8
forward,44,green,forward,2.0,None,None,None,8
None,43,red,forward,0.0,None,None,None,8
forward,42,green,forward,2.0,None,None,None,8
forward,41,green,forward,2.0,None,None,None,8
forward,40,green,forward,2.0,None,None,None,8
forward,39,green,forward,2.0,None,None,None,8
right,38,green,right,2.0,None,None,None,8
None,37,red,forward,0.0,None,None,None,8
None,36,red,forward,0.0,None,None,None,8
forward,35,green,forward,2.0,None,None,None,8
forward,34,green,forward,2.0,None,None,None,8
None,33,red,forward,0.0,None,None,None,8
forward,32,green,forward,12.0,None,None,None,8
None,30,red,left,0.0,None,None,None,9
None,29,red,left,0.0,None,None,None,9
None,28,red,left,0.0,None,None,None,9
None,27,red,left,0.0,None,None,None,9
left,26,green,left,2.0,None,None,None,9
forward,25,green,forward,2.0,None,None,None,9
forward,24,green,forward,2.0,None,None,None,9
forward,23,green,forward,2.0,None,None,None,9
None,22,red,forward,0.0,None,None,None,9
None,21,red,forward,0.0,None,None,None,9
None,20,red,forward,0.0,None,None,None,9
None,19,red,forward,0.0,None,None,None,9
forward,18,green,forward,2.0,None,None,None,9
left,17,green,left,12.0,None,None,None,9
None,20,red,left,0.0,None,None,None,10
None,19,red,left,0.0,None,None,None,10
None,18,red,left,0.0,None,None,None,10
None,17,red,left,0.0,None,None,None,10
left,16,green,left,2.0,None,None,None,10
forward,15,green,forward,2.0,right,None,None,10
None,14,red,forward,0.0,None,None,None,10
None,13,red,forward,0.0,None,None,None,10
forward,12,green,forward,2.0,None,None,None,10
right,11,green,right,12.0,None,None,None,10
forward,35,green,forward,2.0,None,None,forward,11
forward,34,green,forward,2.0,None,None,None,11
forward,33,green,forward,2.0,None,None,None,11
None,32,red,left,0.0,None,None,None,11
left,31,green,left,2.0,None,None,None,11
forward,30,green,forward,2.0,None,None,None,11
forward,29,green,forward,2.0,None,None,None,11
None,28,red,forward,0.0,None,None,None,11
None,27,red,forward,0.0,None,None,right,11
forward,26,green,forward,12.0,None,None,right,11
right,25,green,right,2.0,None,None,None,12
right,24,red,right,2.0,None,None,None,12
None,23,red,forward,0.0,None,None,None,12
None,22,red,forward,0.0,None,None,None,12
None,21,red,forward,0.0,None,None,None,12
forward,20,green,forward,2.0,None,None,None,12
None,19,red,left,0.0,None,None,None,12
None,18,red,left,0.0,None,None,None,12
left,17,green,left,-1.0,None,right,None,12
left,16,green,left,2.0,None,None,None,12
forward,15,green,forward,12.0,None,None,None,12
right,20,green,right,2.0,None,None,None,13
forward,19,green,forward,2.0,None,None,None,13
None,18,red,left,0.0,None,None,None,13
None,17,red,left,0.0,None,None,None,13
left,16,green,left,2.0,None,None,None,13
forward,15,green,forward,12.0,None,None,None,13
right,30,green,right,2.0,None,None,None,14
forward,29,green,forward,2.0,None,None,None,14
None,28,red,forward,0.0,None,None,None,14
None,27,red,forward,0.0,None,None,None,14
forward,26,green,forward,2.0,None,None,None,14
right,25,red,right,2.0,None,None,None,14
forward,24,green,forward,2.0,None,None,None,14
forward,23,red,forward,-1.0,None,left,None,14
forward,22,green,forward,12.0,None,left,None,14
right,25,red,right,2.0,None,None,None,15
None,24,red,forward,0.0,None,None,None,15
None,23,red,forward,0.0,None,None,None,15
None,22,red,forward,0.0,None,None,None,15
None,21,red,forward,0.0,None,None,None,15
forward,20,green,forward,2.0,None,None,None,15
None,19,red,forward,0.0,None,None,None,15
None,18,red,forward,0.0,None,None,None,15
forward,17,green,forward,2.0,None,None,None,15
None,16,red,left,0.0,None,None,None,15
left,15,green,left,2.0,None,None,None,15
None,14,red,forward,0.0,None,None,None,15
forward,13,green,forward,12.0,None,None,None,15
right,20,green,right,2.0,None,None,None,16
right,19,green,right,2.0,None,left,None,16
forward,18,green,forward,2.0,None,None,None,16
None,17,red,forward,0.0,None,None,None,16
None,16,red,forward,0.0,None,None,None,16
None,15,red,forward,0.0,None,None,None,16
forward,14,green,forward,2.0,None,None,None,16
None,13,red,forward,0.0,None,None,None,16
None,12,red,forward,0.0,None,None,None,16
forward,11,green,forward,2.0,None,None,None,16
right,10,red,right,12.0,None,None,None,16
left,35,green,left,2.0,None,None,None,17
forward,34,green,forward,2.0,None,None,None,17
forward,33,green,forward,2.0,None,None,None,17
right,32,red,right,2.0,None,None,None,17
forward,31,green,forward,2.0,None,None,None,17
None,30,red,forward,0.0,None,None,None,17
forward,29,green,forward,2.0,None,None,None,17
None,28,red,forward,0.0,None,None,None,17
None,27,red,forward,0.0,None,None,None,17
forward,26,green,forward,12.0,None,None,None,17
right,30,green,right,2.0,None,None,None,18
right,29,green,right,2.0,None,None,None,18
forward,28,green,forward,2.0,None,None,None,18
None,27,red,forward,0.0,None,None,None,18
None,26,red,forward,0.0,None,None,None,18
forward,25,green,forward,2.0,None,None,None,18
None,24,red,forward,0.0,None,None,None,18
None,23,red,forward,0.0,None,None,None,18
None,22,red,forward,0.0,None,None,None,18
None,21,red,forward,0.0,None,None,None,18
forward,20,green,forward,2.0,None,None,None,18
None,19,red,forward,0.0,None,None,None,18
None,18,red,forward,0.0,None,None,None,18
None,17,red,forward,0.0,None,None,None,18
None,16,red,forward,0.0,None,None,None,18
forward,15,green,forward,12.0,None,None,None,18
right,40,red,right,2.0,None,None,None,19
right,39,green,right,2.0,None,None,None,19
None,38,red,forward,0.0,None,None,None,19
forward,37,green,forward,2.0,None,None,None,19
None,36,red,forward,0.0,None,None,None,19
None,35,red,forward,0.0,None,None,None,19
forward,34,green,forward,2.0,None,None,None,19
None,33,red,forward,0.0,None,None,None,19
None,32,red,forward,0.0,None,None,None,19
forward,31,green,forward,2.0,None,None,None,19
left,30,green,left,2.0,None,None,None,19
forward,29,green,forward,2.0,None,None,None,19
None,28,red,forward,0.0,None,None,None,19
None,27,red,forward,0.0,None,None,None,19
None,26,red,forward,0.0,None,None,None,19
forward,25,green,forward,12.0,None,None,None,19
right,25,green,right,2.0,None,None,None,20
forward,24,green,forward,2.0,None,None,None,20
None,23,red,forward,0.0,None,None,None,20
None,22,red,forward,0.0,None,None,None,20
forward,21,green,forward,2.0,None,None,None,20
right,20,green,right,2.0,None,None,None,20
forward,19,green,forward,12.0,None,None,None,20
right,25,green,right,2.0,None,None,None,21
None,24,red,forward,0.0,None,None,None,21
None,23,red,forward,0.0,None,None,None,21
None,22,red,forward,0.0,None,None,None,21
forward,21,green,forward,2.0,None,None,None,21
forward,20,green,forward,2.0,None,None,None,21
None,19,red,forward,0.0,None,None,None,21
None,18,red,forward,0.0,None,None,None,21
forward,17,green,forward,2.0,None,None,None,21
forward,16,green,forward,12.0,None,None,None,21
None,35,red,forward,0.0,None,None,None,22
None,34,red,forward,0.0,None,None,None,22
None,33,red,forward,0.0,None,None,None,22
forward,32,green,forward,2.0,None,None,None,22
forward,31,green,forward,2.0,None,None,None,22
forward,30,green,forward,2.0,None,None,None,22
None,29,red,forward,0.0,None,None,None,22
None,28,red,forward,0.0,None,None,None,22
None,27,red,forward,0.0,None,None,None,22
forward,26,green,forward,2.0,None,None,None,22
None,25,red,forward,0.0,None,None,None,22
None,24,red,forward,0.0,None,None,None,22
forward,23,green,forward,2.0,None,None,None,22
None,22,red,forward,0.0,None,None,None,22
None,21,red,forward,0.0,None,None,None,22
forward,20,green,forward,2.0,None,None,None,22
None,19,red,left,0.0,None,None,None,22
None,18,red,left,0.0,None,None,None,22
None,17,red,left,0.0,None,None,None,22
None,16,red,left,0.0,None,None,None,22
left,15,green,left,12.0,None,None,None,22
right,20,red,right,2.0,None,None,None,23
None,19,red,left,0.0,None,None,None,23
None,18,red,left,0.0,None,None,None,23
None,17,red,left,0.0,None,None,None,23
left,16,green,left,2.0,None,None,None,23
forward,15,green,forward,2.0,None,None,None,23
forward,14,green,forward,12.0,None,None,None,23
left,25,green,left,2.0,None,None,None,24
None,24,red,forward,0.0,None,None,None,24
None,23,red,forward,0.0,None,None,None,24
None,22,red,forward,0.0,None,None,None,24
None,21,red,forward,0.0,None,None,None,24
forward,20,green,forward,2.0,None,None,None,24
left,19,green,left,2.0,None,None,None,24
forward,18,green,forward,2.0,None,None,None,24
None,17,red,forward,0.0,None,None,None,24
None,16,red,forward,0.0,None,None,None,24
None,15,red,forward,0.0,None,None,None,24
None,14,red,forward,0.0,None,None,None,24
forward,13,green,forward,12.0,None,None,None,24
right,25,red,right,2.0,None,None,None,25
forward,24,green,forward,2.0,None,None,None,25
left,23,red,left,-1.0,None,left,None,25
None,22,red,left,0.0,None,left,None,25
left,21,green,left,2.0,None,None,None,25
None,20,red,forward,0.0,None,None,None,25
None,19,red,forward,0.0,None,None,None,25
None,18,red,forward,0.0,None,None,None,25
forward,17,green,forward,2.0,None,None,None,25
None,16,red,forward,0.0,None,None,None,25
forward,15,red,forward,-1.0,right,None,None,25
None,14,red,forward,0.0,None,None,None,25
forward,13,green,forward,12.0,None,None,None,25
left,20,green,left,2.0,None,None,None,26
None,19,red,forward,0.0,None,None,None,26
None,18,red,forward,0.0,None,None,None,26
None,17,red,forward,0.0,None,None,None,26
forward,16,green,forward,2.0,None,None,None,26
right,15,red,right,2.0,None,None,None,26
forward,14,green,forward,12.0,None,None,None,26
None,30,red,left,0.0,None,None,None,27
None,29,red,left,0.0,None,None,None,27
None,28,red,left,0.0,None,None,None,27
None,27,red,left,0.0,None,None,None,27
left,26,green,left,2.0,None,None,None,27
forward,25,red,forward,-1.0,None,right,None,27
None,24,red,forward,0.0,None,None,None,27
None,23,red,forward,0.0,None,None,None,27
None,22,red,forward,0.0,None,None,None,27
None,21,red,forward,0.0,None,left,None,27
forward,20,green,forward,2.0,None,left,None,27
forward,19,green,forward,2.0,None,None,None,27
left,18,green,left,2.0,None,None,None,27
None,17,red,forward,0.0,None,None,None,27
None,16,red,forward,0.0,None,None,None,27
forward,15,green,forward,2.0,None,None,None,27
None,14,red,forward,0.0,None,None,None,27
None,13,red,forward,0.0,None,None,None,27
forward,12,green,forward,12.0,None,None,None,27
None,20,red,forward,0.0,None,None,None,28
None,19,red,forward,0.0,None,None,None,28
None,18,red,forward,0.0,None,None,None,28
None,17,red,forward,0.0,None,None,None,28
forward,16,green,forward,2.0,None,None,None,28
forward,15,green,forward,2.0,None,None,None,28
forward,14,green,forward,2.0,None,None,None,28
forward,13,green,forward,12.0,None,None,None,28
forward,40,green,forward,2.0,right,None,None,29
None,39,red,forward,0.0,None,None,None,29
None,38,red,forward,0.0,None,None,None,29
None,37,red,forward,0.0,None,None,None,29
forward,36,green,forward,2.0,None,None,None,29
None,35,red,forward,0.0,None,None,None,29
None,34,red,forward,0.0,None,None,None,29
None,33,red,forward,0.0,None,None,None,29
forward,32,green,forward,2.0,None,None,None,29
forward,31,green,forward,2.0,None,None,None,29
forward,30,green,forward,2.0,None,None,None,29
None,29,red,left,0.0,None,None,None,29
left,28,green,left,2.0,None,None,None,29
None,27,red,forward,0.0,None,None,None,29
None,26,red,forward,0.0,None,None,None,29
None,25,red,forward,0.0,None,None,None,29
forward,24,green,forward,2.0,None,None,None,29
None,23,red,forward,0.0,None,None,None,29
forward,22,green,forward,12.0,None,None,None,29
right,25,red,right,2.0,None,None,None,30
right,24,green,right,2.0,None,None,None,30
None,23,red,forward,0.0,None,None,None,30
None,22,red,forward,0.0,None,None,None,30
None,21,red,forward,0.0,None,None,None,30
forward,20,green,forward,2.0,None,None,None,30
left,19,green,left,2.0,None,None,None,30
forward,18,green,forward,12.0,None,None,None,30
None,20,red,left,0.0,None,None,None,31
None,19,red,left,0.0,None,None,None,31
None,18,red,left,0.0,None,None,None,31
None,17,red,left,0.0,None,None,None,31
left,16,green,left,2.0,None,None,None,31
forward,15,green,forward,2.0,left,None,None,31
forward,14,green,forward,2.0,None,None,None,31
left,13,green,left,12.0,None,None,None,31
right,25,red,right,2.0,None,None,None,32
forward,24,green,forward,2.0,None,None,None,32
None,23,red,forward,0.0,None,None,None,32
None,22,red,forward,0.0,None,None,None,32
forward,21,green,forward,2.0,None,None,None,32
forward,20,green,forward,2.0,None,None,None,32
None,19,red,left,0.0,None,None,None,32
None,18,red,left,0.0,None,None,None,32
None,17,red,left,0.0,None,None,None,32
None,16,red,left,0.0,None,None,None,32
left,15,green,left,12.0,None,None,None,32
right,35,red,right,2.0,None,None,None,33
right,34,green,right,2.0,None,None,None,33
forward,33,green,forward,2.0,None,None,None,33
forward,32,green,forward,2.0,None,None,None,33
None,31,red,forward,0.0,None,None,None,33
None,30,red,forward,0.0,None,None,None,33
forward,29,green,forward,2.0,None,None,None,33
left,28,green,left,2.0,None,None,None,33
None,27,red,forward,0.0,None,None,None,33
None,26,red,forward,0.0,None,None,None,33
None,25,red,forward,0.0,None,None,None,33
None,24,red,forward,0.0,None,None,None,33
forward,23,green,forward,12.0,None,None,None,33
None,55,red,left,0.0,None,None,None,34
None,54,red,left,0.0,None,None,None,34
None,53,red,left,0.0,None,None,None,34
left,52,green,left,2.0,None,None,None,34
None,51,red,forward,0.0,None,None,None,34
forward,50,green,forward,2.0,None,None,None,34
forward,49,green,forward,2.0,None,None,None,34
None,48,red,forward,0.0,None,None,None,34
None,47,red,forward,0.0,None,None,None,34
None,46,red,forward,0.0,None,None,None,34
forward,45,green,forward,2.0,None,None,None,34
forward,44,green,forward,2.0,None,None,None,34
forward,43,green,forward,2.0,None,None,None,34
None,42,red,left,0.0,None,None,None,34
None,41,red,left,0.0,None,None,None,34
left,40,green,left,2.0,None,None,None,34
None,39,red,forward,0.0,None,None,None,34
None,38,red,forward,0.0,None,None,None,34
forward,37,green,forward,2.0,None,None,None,34
None,36,red,forward,0.0,None,None,None,34
forward,35,green,forward,2.0,None,None,None,34
forward,34,green,forward,2.0,None,None,None,34
forward,33,green,forward,12.0,None,None,None,34
None,30,red,left,0.0,None,None,None,35
None,29,red,left,0.0,None,None,None,35
None,28,red,left,0.0,None,None,None,35
None,27,red,left,0.0,None,None,left,35
left,26,green,left,2.0,None,None,left,35
None,25,red,forward,0.0,None,None,None,35
forward,24,green,forward,2.0,None,None,None,35
None,23,red,forward,0.0,None,None,None,35
forward,22,green,forward,2.0,None,None,None,35
None,21,red,forward,0.0,None,None,None,35
None,20,red,forward,0.0,None,None,None,35
None,19,red,forward,0.0,None,None,None,35
forward,18,green,forward,2.0,None,None,None,35
None,17,red,forward,0.0,None,None,None,35
None,16,red,forward,0.0,None,None,None,35
forward,15,green,forward,2.0,None,None,None,35
None,14,red,left,0.0,None,None,None,35
None,13,red,left,0.0,None,None,None,35
None,12,red,left,0.0,None,None,None,35
None,11,red,left,0.0,None,None,None,35
left,10,green,left,12.0,None,None,None,35
None,25,red,left,0.0,None,None,None,36
None,24,red,left,0.0,None,None,None,36
None,23,red,left,0.0,None,None,None,36
left,22,green,left,2.0,None,None,None,36
forward,21,green,forward,2.0,None,None,None,36
forward,20,green,forward,2.0,None,None,None,36
forward,19,green,forward,2.0,None,None,None,36
None,18,red,left,0.0,None,None,None,36
None,17,red,left,0.0,None,None,None,36
left,16,green,left,12.0,None,None,None,36
right,20,green,right,2.0,None,None,None,37
left,19,green,left,2.0,None,None,None,37
forward,18,green,forward,2.0,None,None,None,37
forward,17,green,forward,12.0,None,None,None,37
right,30,green,right,2.0,None,None,None,38
None,29,red,forward,0.0,None,None,None,38
None,28,red,forward,0.0,None,None,None,38
forward,27,green,forward,2.0,None,None,None,38
None,26,red,forward,0.0,None,None,None,38
None,25,red,forward,0.0,None,None,None,38
forward,24,green,forward,2.0,None,None,None,38
None,23,red,forward,0.0,None,None,None,38
None,22,red,forward,0.0,None,None,None,38
forward,21,green,forward,2.0,None,None,None,38
forward,20,green,forward,2.0,None,None,None,38
right,19,red,right,12.0,None,None,None,38
right,20,red,right,2.0,None,None,None,39
right,19,green,right,2.0,None,None,None,39
None,18,red,forward,0.0,None,None,None,39
forward,17,green,forward,2.0,None,None,None,39
left,16,green,left,12.0,None,None,None,39
right,20,red,right,2.0,None,None,None,40
right,19,red,right,2.0,None,None,None,40
forward,18,green,forward,2.0,None,None,None,40
None,17,red,forward,0.0,None,None,None,40
None,16,red,forward,0.0,None,None,None,40
None,15,red,forward,0.0,None,None,None,40
forward,14,green,forward,2.0,None,None,None,40
None,13,red,forward,0.0,None,None,None,40
forward,12,green,forward,2.0,None,None,None,40
right,11,red,right,12.0,None,None,None,40
right,35,green,right,2.0,None,None,None,41
forward,34,green,forward,2.0,None,None,None,41
forward,33,green,forward,2.0,None,None,None,41
None,32,red,forward,0.0,None,None,None,41
forward,31,green,forward,2.0,None,None,None,41
forward,30,green,forward,2.0,None,None,None,41
right,29,green,right,2.0,None,None,None,41
forward,28,green,forward,12.0,None,None,None,41
left,30,green,left,2.0,None,None,None,42
right,29,red,right,2.0,None,None,None,42
None,28,red,forward,0.0,None,None,None,42
None,27,red,forward,0.0,None,None,None,42
forward,26,green,forward,2.0,None,None,None,42
forward,25,green,forward,2.0,None,None,None,42
forward,24,green,forward,2.0,None,None,None,42
None,23,red,forward,0.0,None,None,None,42
forward,22,green,forward,12.0,None,None,None,42
None,50,red,forward,0.0,None,None,None,43
None,49,red,forward,0.0,None,None,None,43
None,48,red,forward,0.0,None,None,None,43
None,47,red,forward,0.0,None,None,None,43
forward,46,green,forward,2.0,None,None,None,43
None,45,red,forward,0.0,None,None,None,43
None,44,red,forward,0.0,None,None,None,43
forward,43,red,forward,-1.0,forward,None,None,43
forward,42,green,forward,2.0,forward,None,None,43
forward,41,green,forward,2.0,None,None,None,43
forward,40,green,forward,2.0,None,None,None,43
None,39,red,forward,0.0,None,None,None,43
forward,38,green,forward,2.0,None,None,None,43
forward,37,green,forward,2.0,None,None,None,43
None,36,red,forward,0.0,None,None,None,43
forward,35,green,forward,2.0,None,None,None,43
left,34,green,left,2.0,None,None,None,43
None,33,red,forward,0.0,None,None,None,43
None,32,red,forward,0.0,None,None,None,43
None,31,red,forward,0.0,None,None,None,43
forward,30,green,forward,2.0,None,None,None,43
forward,29,green,forward,12.0,None,None,None,43
None,45,red,left,0.0,None,None,None,44
None,44,red,left,0.0,None,None,None,44
None,43,red,left,0.0,None,None,None,44
None,42,red,left,0.0,None,None,None,44
left,41,green,left,2.0,None,None,None,44
forward,40,green,forward,2.0,None,None,None,44
forward,39,green,forward,2.0,None,None,None,44
None,38,red,forward,0.0,None,None,None,44
forward,37,green,forward,2.0,None,None,None,44
None,36,red,forward,0.0,None,None,None,44
forward,35,green,forward,2.0,None,None,None,44
forward,34,green,forward,2.0,None,None,None,44
None,33,red,left,0.0,None,None,None,44
None,32,red,left,0.0,None,None,None,44
None,31,red,left,0.0,None,None,None,44
None,30,red,left,0.0,None,None,None,44
left,29,green,left,2.0,None,None,None,44
None,28,red,forward,0.0,None,None,None,44
None,27,red,forward,0.0,None,None,None,44
None,26,red,forward,0.0,None,None,None,44
forward,25,green,forward,2.0,None,None,None,44
None,24,red,forward,0.0,None,None,None,44
None,23,red,forward,0.0,None,None,None,44
None,22,red,forward,0.0,None,None,None,44
None,21,red,forward,0.0,None,None,None,44
forward,20,green,forward,12.0,None,None,None,44
left,20,green,left,2.0,None,None,None,45
forward,19,green,forward,2.0,None,None,None,45
None,18,red,forward,0.0,None,None,None,45
None,17,red,forward,0.0,None,None,None,45
None,16,red,forward,0.0,None,None,None,45
forward,15,green,forward,2.0,None,None,None,45
None,14,red,left,0.0,None,None,None,45
None,13,red,left,0.0,None,None,None,45
None,12,red,left,0.0,None,None,None,45
None,11,red,left,0.0,None,None,None,45
left,10,green,left,12.0,None,None,None,45
right,20,green,right,2.0,None,None,None,46
None,19,red,forward,0.0,None,None,None,46
None,18,red,forward,0.0,None,None,None,46
None,17,red,forward,0.0,None,None,None,46
forward,16,green,forward,2.0,None,None,None,46
forward,15,green,forward,2.0,None,None,None,46
None,14,red,forward,0.0,None,None,None,46
None,13,red,forward,0.0,None,None,None,46
forward,12,green,forward,12.0,None,None,None,46
left,20,green,left,2.0,None,None,None,47
forward,19,green,forward,2.0,None,None,left,47
left,18,green,left,2.0,None,None,None,47
forward,17,green,forward,12.0,None,None,None,47
right,20,red,right,2.0,None,None,None,48
None,19,red,forward,0.0,None,None,None,48
None,18,red,forward,0.0,None,None,None,48
forward,17,green,forward,2.0,None,None,None,48
right,16,green,right,2.0,None,None,None,48
None,15,red,forward,0.0,None,None,None,48
None,14,red,forward,0.0,None,None,None,48
None,13,red,forward,0.0,None,None,None,48
forward,12,green,forward,12.0,None,None,None,48
left,30,green,left,2.0,None,None,None,49
forward,29,green,forward,2.0,None,None,None,49
None,28,red,forward,0.0,None,None,None,49
None,27,red,forward,0.0,None,None,None,49
forward,26,green,forward,2.0,None,None,None,49
forward,25,green,forward,2.0,None,None,None,49
forward,24,green,forward,2.0,None,None,None,49
forward,23,green,forward,12.0,None,None,None,49
left,30,green,left,2.0,None,None,None,50
forward,29,green,forward,2.0,None,None,None,50
None,28,red,forward,0.0,None,None,None,50
forward,27,green,forward,2.0,None,None,None,50
None,26,red,forward,0.0,None,None,None,50
None,25,red,forward,0.0,None,None,None,50
forward,24,green,forward,2.0,None,None,None,50
None,23,red,forward,0.0,None,None,None,50
None,22,red,forward,0.0,None,None,None,50
None,21,red,forward,0.0,None,None,None,50
forward,20,green,forward,2.0,None,None,None,50
None,19,red,left,0.0,None,None,None,50
None,18,red,left,0.0,None,None,None,50
None,17,red,left,0.0,None,None,None,50
None,16,red,left,0.0,None,None,None,50
left,15,green,left,12.0,None,None,None,50
None,30,red,forward,0.0,None,None,None,51
None,29,red,forward,0.0,None,None,None,51
None,28,red,forward,0.0,None,None,None,51
None,27,red,forward,0.0,None,None,None,51
None,26,red,forward,0.0,None,None,None,51
forward,25,green,forward,2.0,None,None,None,51
forward,24,green,forward,2.0,None,None,None,51
right,23,red,right,2.0,None,left,None,51
forward,22,green,forward,2.0,None,None,None,51
forward,21,green,forward,2.0,None,None,None,51
None,20,red,forward,0.0,None,None,None,51
None,19,red,forward,0.0,None,None,None,51
forward,18,green,forward,12.0,None,None,None,51
right,20,green,right,2.0,None,None,None,52
right,19,red,right,2.0,None,None,None,52
None,18,red,forward,0.0,None,forward,None,52
forward,17,green,forward,2.0,None,None,None,52
None,16,red,forward,0.0,None,None,None,52
None,15,red,forward,0.0,None,None,None,52
forward,14,green,forward,2.0,None,None,None,52
right,13,green,right,2.0,None,None,None,52
None,12,red,forward,0.0,None,None,None,52
None,11,red,forward,0.0,None,None,None,52
forward,10,green,forward,12.0,None,None,None,52
right,30,green,right,2.0,None,None,None,53
right,29,red,right,2.0,None,None,None,53
None,28,red,forward,0.0,None,None,None,53
None,27,red,forward,0.0,None,None,None,53
forward,26,green,forward,2.0,None,None,None,53
None,25,red,forward,0.0,None,None,left,53
None,24,red,forward,0.0,None,None,None,53
None,23,red,forward,0.0,None,None,None,53
forward,22,green,forward,2.0,None,None,None,53
right,21,red,right,2.0,None,None,None,53
None,20,red,forward,0.0,None,None,None,53
None,19,red,forward,0.0,None,None,None,53
forward,18,green,forward,2.0,None,None,None,53
forward,17,green,forward,2.0,None,None,None,53
forward,16,green,forward,12.0,None,None,None,53
right,25,red,right,2.0,None,None,None,54
left,24,green,left,2.0,None,None,None,54
forward,23,green,forward,2.0,None,None,None,54
None,22,red,forward,0.0,None,None,None,54
None,21,red,forward,0.0,None,None,None,54
forward,20,green,forward,2.0,None,None,None,54
None,19,red,forward,0.0,None,None,None,54
None,18,red,forward,0.0,None,None,None,54
None,17,red,forward,0.0,None,None,None,54
forward,16,green,forward,12.0,None,None,None,54
left,35,green,left,2.0,None,None,None,55
None,34,red,forward,0.0,None,forward,None,55
None,33,red,forward,0.0,None,forward,None,55
None,32,red,forward,0.0,None,forward,None,55
forward,31,green,forward,2.0,None,None,None,55
None,30,red,forward,0.0,None,None,None,55
forward,29,green,forward,2.0,None,None,None,55
None,28,red,forward,0.0,None,None,None,55
None,27,red,forward,0.0,None,None,None,55
forward,26,green,forward,2.0,None,None,None,55
forward,25,green,forward,2.0,None,None,None,55
None,24,red,left,0.0,None,None,None,55
None,23,red,left,0.0,None,None,None,55
None,22,red,left,0.0,None,None,None,55
None,21,red,left,0.0,None,None,None,55
left,20,green,left,2.0,None,None,None,55
None,19,red,forward,0.0,None,None,None,55
None,18,red,forward,0.0,None,None,None,55
forward,17,green,forward,12.0,None,None,None,55
None,30,red,forward,0.0,None,None,None,56
None,29,red,forward,0.0,None,None,None,56
None,28,red,forward,0.0,None,None,None,56
None,27,red,forward,0.0,None,None,None,56
None,26,red,forward,0.0,None,None,None,56
forward,25,green,forward,2.0,None,None,None,56
forward,24,green,forward,2.0,None,None,None,56
None,23,red,forward,0.0,None,None,None,56
forward,22,green,forward,2.0,None,None,None,56
None,21,red,forward,0.0,None,None,None,56
forward,20,green,forward,2.0,None,None,None,56
None,19,red,forward,0.0,None,None,None,56
forward,18,green,forward,2.0,None,None,None,56
right,17,red,right,12.0,None,None,None,56
forward,20,green,forward,2.0,None,None,None,57
None,19,red,forward,0.0,None,None,None,57
None,18,red,forward,0.0,None,None,None,57
None,17,red,forward,0.0,None,None,None,57
None,16,red,forward,0.0,None,None,None,57
forward,15,green,forward,2.0,left,None,None,57
None,14,red,left,0.0,None,None,None,57
None,13,red,left,0.0,None,None,None,57
left,12,green,left,2.0,None,None,None,57
forward,11,green,forward,12.0,None,None,None,57
None,30,red,left,0.0,None,None,None,58
None,29,red,left,0.0,None,None,None,58
None,28,red,left,0.0,None,None,None,58
None,27,red,left,0.0,None,None,None,58
None,26,red,left,0.0,None,None,right,58
left,25,green,left,2.0,None,None,None,58
forward,24,green,forward,2.0,None,None,None,58
None,23,red,forward,0.0,None,left,None,58
forward,22,green,forward,2.0,None,left,None,58
None,21,red,forward,0.0,None,None,None,58
None,20,red,forward,0.0,None,None,None,58
None,19,red,forward,0.0,None,None,None,58
forward,18,green,forward,2.0,None,None,None,58
right,17,green,right,2.0,None,None,None,58
forward,16,green,forward,12.0,None,None,None,58
forward,20,green,forward,2.0,None,None,None,59
None,19,red,forward,0.0,None,None,None,59
None,18,red,forward,0.0,None,None,None,59
None,17,red,forward,0.0,None,None,None,59
forward,16,green,forward,2.0,None,None,None,59
forward,15,green,forward,2.0,None,None,None,59
right,14,green,right,12.0,None,None,None,59
right,20,red,right,2.0,None,None,None,60
right,19,red,right,2.0,None,None,None,60
forward,18,green,forward,2.0,None,None,None,60
None,17,red,forward,0.0,None,None,None,60
forward,16,green,forward,12.0,None,None,None,60
forward,30,green,forward,2.0,None,None,None,61
forward,29,green,forward,2.0,None,None,None,61
None,28,red,forward,0.0,None,None,None,61
None,27,red,forward,0.0,None,None,None,61
forward,26,green,forward,2.0,None,None,None,61
None,25,red,forward,0.0,None,None,None,61
forward,24,green,forward,2.0,None,None,None,61
None,23,red,forward,0.0,None,None,None,61
None,22,red,forward,0.0,None,None,None,61
forward,21,green,forward,2.0,None,None,None,61
None,20,red,left,0.0,None,None,None,61
None,19,red,left,0.0,None,None,None,61
None,18,red,left,0.0,None,None,None,61
None,17,red,left,0.0,None,None,None,61
None,16,red,left,0.0,None,None,None,61
left,15,green,left,12.0,None,None,None,61
left,25,green,left,2.0,None,None,None,62
right,24,green,right,2.0,None,None,None,62
forward,23,green,forward,2.0,None,None,forward,62
None,22,red,forward,0.0,None,None,None,62
None,21,red,forward,0.0,None,None,None,62
forward,20,green,forward,2.0,None,None,None,62
None,19,red,forward,0.0,None,None,None,62
None,18,red,forward,0.0,None,None,None,62
None,17,red,forward,0.0,None,None,None,62
None,16,red,forward,0.0,None,None,None,62
forward,15,green,forward,12.0,None,None,None,62
None,45,red,left,0.0,None,None,None,63
None,44,red,left,0.0,None,None,None,63
None,43,red,left,0.0,None,None,None,63
left,42,green,left,2.0,None,None,None,63
None,41,red,forward,0.0,None,None,None,63
forward,40,green,forward,2.0,None,None,None,63
forward,39,green,forward,2.0,None,None,None,63
None,38,red,forward,0.0,None,None,None,63
None,37,red,forward,0.0,None,None,None,63
None,36,red,forward,0.0,None,None,None,63
forward,35,green,forward,2.0,None,None,None,63
forward,34,green,forward,2.0,None,None,None,63
left,33,green,left,2.0,None,None,None,63
forward,32,green,forward,2.0,None,None,None,63
None,31,red,forward,0.0,None,None,None,63
forward,30,green,forward,2.0,None,None,None,63
None,29,red,forward,0.0,None,None,None,63
None,28,red,forward,0.0,None,None,None,63
None,27,red,forward,0.0,None,None,None,63
None,26,red,forward,0.0,None,None,None,63
forward,25,green,forward,12.0,None,None,None,63
right,50,red,right,2.0,None,None,None,64
right,49,red,right,2.0,None,None,None,64
None,48,red,forward,0.0,None,None,None,64
None,47,red,forward,0.0,None,None,None,64
None,46,red,forward,0.0,None,None,None,64
forward,45,green,forward,2.0,None,None,None,64
forward,44,green,forward,2.0,None,None,None,64
None,43,red,forward,0.0,None,None,None,64
forward,42,green,forward,2.0,None,None,None,64
forward,41,green,forward,2.0,None,None,None,64
forward,40,green,forward,2.0,None,None,None,64
forward,39,green,forward,2.0,None,None,None,64
right,38,green,right,2.0,None,None,None,64
None,37,red,forward,0.0,None,None,None,64
None,36,red,forward,0.0,None,None,None,64
forward,35,green,forward,2.0,None,None,None,64
forward,34,green,forward,2.0,None,None,None,64
None,33,red,forward,0.0,None,None,None,64
forward,32,green,forward,12.0,None,None,None,64
right,30,green,right,2.0,None,None,None,65
forward,29,green,forward,2.0,None,None,None,65
forward,28,green,forward,2.0,None,None,None,65
forward,27,green,forward,2.0,None,None,None,65
None,26,red,forward,0.0,None,None,None,65
None,25,red,forward,0.0,None,None,None,65
forward,24,green,forward,2.0,None,None,None,65
right,23,green,right,12.0,None,None,None,65
None,35,red,forward,0.0,None,None,None,66
None,34,red,forward,0.0,None,None,None,66
None,33,red,forward,0.0,None,None,None,66
forward,32,green,forward,2.0,None,None,None,66
None,31,red,forward,0.0,None,None,None,66
None,30,red,forward,0.0,None,None,None,66
forward,29,green,forward,2.0,None,None,None,66
forward,28,green,forward,2.0,None,None,None,66
None,27,red,forward,0.0,None,None,None,66
forward,26,green,forward,2.0,None,None,None,66
None,25,red,forward,0.0,right,None,None,66
None,24,red,forward,0.0,None,None,None,66
forward,23,green,forward,2.0,None,None,None,66
right,22,green,right,2.0,None,None,None,66
forward,21,green,forward,12.0,None,None,None,66
None,20,red,forward,0.0,None,None,None,67
None,19,red,forward,0.0,None,None,None,67
None,18,red,forward,0.0,None,None,None,67
None,17,red,forward,0.0,None,None,None,67
forward,16,green,forward,2.0,None,None,None,67
forward,15,green,forward,2.0,None,None,None,67
None,14,red,forward,0.0,None,None,None,67
None,13,red,forward,0.0,None,None,None,67
forward,12,green,forward,2.0,None,None,None,67
None,11,red,forward,0.0,None,None,None,67
None,10,red,forward,0.0,None,None,None,67
None,9,red,forward,0.0,None,None,None,67
forward,8,green,forward,12.0,None,None,None,67
forward,40,green,forward,2.0,None,None,None,68
None,39,red,forward,0.0,None,None,None,68
None,38,red,forward,0.0,None,None,None,68
forward,37,green,forward,2.0,None,None,None,68
None,36,red,forward,0.0,None,None,None,68
None,35,red,forward,0.0,None,None,left,68
forward,34,green,forward,2.0,None,None,left,68
forward,33,green,forward,2.0,None,None,None,68
None,32,red,forward,0.0,None,None,None,68
forward,31,green,forward,2.0,None,None,right,68
None,30,red,forward,0.0,None,None,None,68
None,29,red,forward,0.0,None,None,None,68
forward,28,green,forward,2.0,None,None,None,68
right,27,green,right,2.0,None,None,None,68
forward,26,green,forward,12.0,None,None,None,68
right,35,green,right,2.0,None,left,None,69
right,34,green,right,2.0,None,None,None,69
forward,33,green,forward,2.0,None,None,None,69
forward,32,green,forward,2.0,None,None,None,69
None,31,red,forward,0.0,None,None,None,69
None,30,red,forward,0.0,None,None,None,69
None,29,red,forward,0.0,None,None,None,69
None,28,red,forward,0.0,None,None,None,69
forward,27,green,forward,2.0,None,None,right,69
forward,26,green,forward,2.0,None,None,None,69
None,25,red,left,0.0,None,None,None,69
None,24,red,left,0.0,None,None,None,69
left,23,green,left,12.0,None,None,None,69
right,25,green,right,2.0,None,None,None,70
right,24,red,right,2.0,None,None,None,70
None,23,red,forward,0.0,None,None,None,70
None,22,red,forward,0.0,None,None,None,70
None,21,red,forward,0.0,None,None,None,70
forward,20,green,forward,2.0,None,None,None,70
None,19,red,forward,0.0,None,None,None,70
None,18,red,forward,0.0,None,None,None,70
forward,17,green,forward,2.0,None,None,None,70
None,16,red,forward,0.0,None,None,None,70
None,15,red,forward,0.0,None,None,None,70
None,14,red,forward,0.0,None,None,None,70
forward,13,green,forward,2.0,None,None,None,70
None,12,red,forward,0.0,None,None,None,70
None,11,red,forward,0.0,None,None,None,70
forward,10,green,forward,2.0,None,None,None,70
right,9,red,right,12.0,None,None,None,70
None,30,red,left,0.0,None,None,None,71
None,29,red,left,0.0,None,None,None,71
None,28,red,left,0.0,None,None,None,71
left,27,green,left,2.0,None,None,None,71
None,26,red,forward,0.0,None,None,None,71
None,25,red,forward,0.0,None,None,None,71
None,24,red,forward,0.0,None,None,None,71
None,23,red,forward,0.0,None,None,None,71
forward,22,green,forward,2.0,None,None,None,71
None,21,red,forward,0.0,None,None,None,71
None,20,red,forward,0.0,None,None,None,71
None,19,red,forward,0.0,None,None,None,71
forward,18,green,forward,2.0,None,None,None,71
None,17,red,forward,0.0,None,None,None,71
None,16,red,forward,0.0,None,None,None,71
None,15,red,forward,0.0,None,None,None,71
forward,14,green,forward,2.0,None,None,None,71
None,13,red,forward,0.0,None,None,None,71
None,12,red,forward,0.0,None,None,None,71
None,11,red,forward,0.0,None,None,None,71
forward,10,green,forward,2.0,None,None,None,71
None,9,red,forward,0.0,None,None,None,71
None,8,red,forward,0.0,None,None,None,71
None,7,red,forward,0.0,None,None,None,71
forward,6,green,forward,12.0,None,None,None,71
left,40,green,left,2.0,None,None,None,72
forward,39,green,forward,2.0,None,None,None,72
None,38,red,forward,0.0,None,None,None,72
forward,37,green,forward,2.0,None,None,None,72
forward,36,green,forward,2.0,None,None,None,72
None,35,red,forward,0.0,None,None,None,72
forward,34,green,forward,2.0,None,None,None,72
right,33,red,right,2.0,None,None,None,72
None,32,red,forward,0.0,None,None,None,72
None,31,red,forward,0.0,None,None,None,72
None,30,red,forward,0.0,None,None,None,72
None,29,red,forward,0.0,None,None,None,72
forward,28,green,forward,2.0,None,None,None,72
forward,27,green,forward,12.0,None,None,right,72
right,25,green,right,2.0,left,None,None,73
None,24,red,forward,0.0,None,None,None,73
None,23,red,forward,0.0,None,None,None,73
None,22,red,forward,0.0,None,None,None,73
None,21,red,forward,0.0,None,None,None,73
forward,20,green,forward,2.0,None,None,None,73
right,19,red,right,2.0,None,None,None,73
None,18,red,forward,0.0,None,None,None,73
forward,17,green,forward,2.0,None,None,None,73
None,16,red,forward,0.0,None,None,None,73
None,15,red,forward,0.0,None,None,None,73
None,14,red,forward,0.0,None,None,None,73
forward,13,green,forward,12.0,None,forward,None,73
right,35,green,right,2.0,None,None,None,74
right,34,red,right,2.0,None,None,None,74
None,33,red,forward,0.0,None,None,None,74
forward,32,green,forward,2.0,None,None,None,74
forward,31,green,forward,2.0,None,None,None,74
None,30,red,forward,0.0,None,None,None,74
forward,29,green,forward,2.0,None,None,None,74
None,28,red,forward,0.0,None,None,None,74
None,27,red,forward,0.0,None,None,None,74
forward,26,green,forward,2.0,None,None,None,74
None,25,red,forward,0.0,None,None,None,74
None,24,red,forward,0.0,None,None,None,74
None,23,red,forward,0.0,None,None,None,74
None,22,red,forward,0.0,None,None,None,74
None,21,red,forward,0.0,None,None,None,74
forward,20,green,forward,12.0,None,None,None,74
right,20,red,right,2.0,None,None,None,75
right,19,green,right,2.0,None,None,None,75
right,18,green,right,2.0,None,None,None,75
None,17,red,left,0.0,None,None,None,75
None,16,red,left,0.0,None,None,None,75
None,15,red,left,0.0,None,None,None,75
left,14,green,left,2.0,None,None,None,75
None,13,red,forward,0.0,None,None,None,75
forward,12,green,forward,2.0,None,None,None,75
None,11,red,forward,0.0,None,None,None,75
None,10,red,forward,0.0,None,None,None,75
None,9,red,forward,0.0,None,None,None,75
forward,8,green,forward,12.0,None,None,None,75
None,20,red,forward,0.0,None,None,None,76
None,19,red,forward,0.0,None,None,None,76
None,18,red,forward,0.0,None,None,None,76
None,17,red,forward,0.0,None,None,None,76
None,16,red,forward,0.0,None,None,None,76
forward,15,green,forward,2.0,None,None,None,76
None,14,red,forward,0.0,None,None,None,76
None,13,red,forward,0.0,None,None,None,76
None,12,red,forward,0.0,None,None,None,76
None,11,red,forward,0.0,None,None,None,76
forward,10,green,forward,2.0,None,None,None,76
forward,9,green,forward,2.0,None,None,None,76
right,8,green,right,12.0,None,None,None,76
right,25,green,right,2.0,None,None,None,77
right,24,green,right,2.0,None,None,None,77
forward,23,green,forward,2.0,None,None,None,77
None,22,red,left,0.0,None,None,None,77
left,21,green,left,2.0,None,None,None,77
forward,20,green,forward,12.0,None,None,None,77
left,35,green,left,2.0,None,None,None,78
None,34,red,forward,0.0,None,None,None,78
None,33,red,forward,0.0,None,None,None,78
forward,32,green,forward,2.0,None,None,None,78
left,31,green,left,2.0,None,None,None,78
forward,30,green,forward,2.0,None,None,None,78
forward,29,green,forward,2.0,None,None,None,78
None,28,red,forward,0.0,None,None,None,78
None,27,red,forward,0.0,None,None,None,78
None,26,red,forward,0.0,None,None,None,78
forward,25,green,forward,2.0,None,None,None,78
None,24,red,forward,0.0,None,None,None,78
forward,23,green,forward,12.0,None,None,None,78
right,20,red,right,2.0,None,None,None,79
right,19,red,right,2.0,None,None,None,79
forward,18,green,forward,2.0,None,None,None,79
forward,17,green,forward,12.0,None,None,None,79
right,20,red,right,2.0,None,None,None,80
right,19,red,right,2.0,None,None,None,80
forward,18,green,forward,2.0,None,None,None,80
right,17,green,right,2.0,None,None,None,80
None,16,red,forward,0.0,None,None,None,80
None,15,red,forward,0.0,None,None,None,80
forward,14,green,forward,2.0,None,None,None,80
None,13,red,forward,0.0,None,None,None,80
None,12,red,forward,0.0,None,None,None,80
forward,11,green,forward,12.0,None,None,None,80
forward,35,green,forward,2.0,None,None,None,81
forward,34,green,forward,2.0,None,None,None,81
forward,33,green,forward,2.0,None,None,None,81
left,32,green,left,2.0,None,None,None,81
forward,31,green,forward,2.0,None,None,None,81
None,30,red,forward,0.0,None,None,None,81
forward,29,green,forward,2.0,None,None,None,81
None,28,red,forward,0.0,None,None,None,81
forward,27,green,forward,12.0,None,None,None,81
None,45,red,forward,0.0,None,None,None,82
None,44,red,forward,0.0,None,None,None,82
None,43,red,forward,0.0,None,None,None,82
forward,42,green,forward,2.0,None,None,None,82
forward,41,green,forward,2.0,None,right,None,82
forward,40,green,forward,2.0,None,None,None,82
None,39,red,forward,0.0,None,None,None,82
None,38,red,forward,0.0,None,None,None,82
None,37,red,forward,0.0,None,None,None,82
None,36,red,forward,0.0,None,None,None,82
forward,35,green,forward,2.0,None,None,None,82
None,34,red,forward,0.0,None,None,None,82
forward,33,green,forward,2.0,None,None,None,82
right,32,red,right,2.0,None,None,None,82
forward,31,green,forward,2.0,None,None,None,82
None,30,red,forward,0.0,None,None,None,82
forward,29,green,forward,2.0,None,None,None,82
None,28,red,forward,0.0,None,None,forward,82
forward,27,green,forward,12.0,None,None,forward,82
right,30,green,right,2.0,None,None,None,83
None,29,red,left,0.0,None,None,None,83
None,28,red,left,0.0,None,None,None,83
None,27,red,left,0.0,None,None,None,83
None,26,red,left,0.0,None,None,None,83
left,25,green,left,2.0,None,None,None,83
forward,24,green,forward,2.0,None,None,None,83
None,23,red,forward,0.0,None,None,None,83
None,22,red,forward,0.0,None,None,None,83
forward,21,green,forward,2.0,None,None,None,83
None,20,red,forward,0.0,None,None,None,83
None,19,red,forward,0.0,None,None,forward,83
forward,18,green,forward,2.0,None,None,forward,83
None,17,red,forward,0.0,None,None,None,83
None,16,red,forward,0.0,None,None,None,83
None,15,red,forward,0.0,None,None,None,83
forward,14,green,forward,12.0,None,None,None,83
right,30,green,right,2.0,None,None,None,84
right,29,red,right,2.0,None,None,None,84
forward,28,green,forward,2.0,None,None,None,84
None,27,red,forward,0.0,None,None,None,84
forward,26,green,forward,2.0,None,None,None,84
None,25,red,forward,0.0,None,None,None,84
None,24,red,forward,0.0,None,None,None,84
None,23,red,forward,0.0,None,None,None,84
None,22,red,forward,0.0,None,None,None,84
None,21,red,forward,0.0,None,None,None,84
forward,20,green,forward,2.0,None,None,None,84
None,19,red,forward,0.0,None,None,None,84
forward,18,green,forward,2.0,None,None,None,84
right,17,red,right,2.0,None,None,None,84
None,16,red,forward,0.0,None,None,None,84
forward,15,green,forward,12.0,None,None,None,84
left,30,green,left,2.0,None,None,None,85
forward,29,green,forward,2.0,None,None,None,85
right,28,green,right,2.0,None,None,None,85
None,27,red,forward,0.0,None,None,None,85
forward,26,green,forward,2.0,None,None,None,85
forward,25,green,forward,2.0,None,None,None,85
forward,24,green,forward,12.0,None,None,None,85
right,50,green,right,2.0,None,None,None,86
None,49,red,forward,0.0,None,None,None,86
None,48,red,forward,0.0,None,None,None,86
None,47,red,forward,0.0,None,None,None,86
forward,46,green,forward,2.0,None,None,None,86
None,45,red,forward,0.0,None,None,None,86
None,44,red,forward,0.0,None,None,None,86
None,43,red,forward,0.0,None,None,None,86
None,42,red,forward,0.0,None,None,None,86
None,41,red,forward,0.0,None,None,None,86
forward,40,green,forward,2.0,None,None,None,86
None,39,red,forward,0.0,None,None,None,86
forward,38,green,forward,2.0,None,None,None,86
None,37,red,forward,0.0,None,None,None,86
None,36,red,forward,0.0,None,None,None,86
None,35,red,forward,0.0,None,None,None,86
forward,34,green,forward,2.0,None,None,None,86
right,33,red,right,2.0,None,None,None,86
None,32,red,forward,0.0,None,None,None,86
None,31,red,forward,0.0,None,None,None,86
None,30,red,forward,0.0,None,None,None,86
forward,29,green,forward,2.0,None,None,None,86
None,28,red,forward,0.0,None,None,None,86
None,27,red,forward,0.0,None,None,None,86
None,26,red,forward,0.0,None,None,None,86
forward,25,green,forward,2.0,None,None,None,86
None,24,red,forward,0.0,None,None,None,86
None,23,red,forward,0.0,None,None,None,86
None,22,red,forward,0.0,None,None,None,86
None,21,red,forward,0.0,None,None,None,86
forward,20,green,forward,2.0,None,None,None,86
None,19,red,forward,0.0,None,None,None,86
None,18,red,forward,0.0,None,None,None,86
None,17,red,forward,0.0,None,None,None,86
None,16,red,forward,0.0,None,None,None,86
forward,15,green,forward,12.0,None,None,None,86
forward,45,green,forward,2.0,None,None,None,87
None,44,red,forward,0.0,None,None,None,87
None,43,red,forward,0.0,None,None,None,87
forward,42,green,forward,2.0,None,None,None,87
None,41,red,forward,0.0,None,None,None,87
None,40,red,forward,0.0,None,None,None,87
None,39,red,forward,0.0,None,None,None,87
None,38,red,forward,0.0,forward,None,None,87
forward,37,green,forward,2.0,forward,None,None,87
forward,36,green,forward,2.0,None,None,None,87
forward,35,green,forward,2.0,None,None,right,87
None,34,red,forward,0.0,None,None,None,87
forward,33,green,forward,2.0,None,None,None,87
None,32,red,forward,0.0,None,None,None,87
None,31,red,forward,0.0,None,None,None,87
forward,30,green,forward,2.0,None,None,None,87
None,29,red,left,0.0,None,None,None,87
None,28,red,left,0.0,None,None,None,87
None,27,red,left,0.0,None,None,None,87
None,26,red,left,0.0,None,None,None,87
left,25,green,left,2.0,None,None,None,87
None,24,red,forward,0.0,None,None,None,87
None,23,red,forward,0.0,None,None,None,87
None,22,red,forward,0.0,None,None,None,87
forward,21,green,forward,12.0,None,None,None,87
None,35,red,left,0.0,None,None,None,88
None,34,red,left,0.0,None,None,None,88
None,33,red,left,0.0,None,None,None,88
None,32,red,left,0.0,None,None,None,88
left,31,green,left,2.0,None,None,None,88
None,30,red,forward,0.0,right,None,None,88
None,29,red,forward,0.0,None,None,None,88
None,28,red,forward,0.0,None,None,None,88
None,27,red,forward,0.0,None,None,None,88
None,26,red,forward,0.0,None,None,None,88
forward,25,green,forward,2.0,None,None,None,88
forward,24,green,forward,2.0,None,None,None,88
right,23,red,right,2.0,None,None,None,88
None,22,red,forward,0.0,None,None,None,88
None,21,red,forward,0.0,None,None,None,88
None,20,red,forward,0.0,None,None,None,88
forward,19,green,forward,2.0,None,None,None,88
forward,18,green,forward,2.0,None,None,None,88
forward,17,green,forward,12.0,None,None,None,88
right,30,red,right,2.0,None,None,None,89
right,29,red,right,2.0,None,None,None,89
None,28,red,forward,0.0,None,None,None,89
None,27,red,forward,0.0,None,None,None,89
None,26,red,forward,0.0,None,None,None,89
forward,25,green,forward,2.0,None,None,None,89
forward,24,green,forward,2.0,None,None,None,89
forward,23,green,forward,2.0,None,None,None,89
forward,22,green,forward,12.0,None,None,None,89
right,20,red,right,2.0,None,None,None,90
None,19,red,forward,0.0,None,None,None,90
None,18,red,forward,0.0,None,None,None,90
None,17,red,forward,0.0,None,None,None,90
None,16,red,forward,0.0,None,None,None,90
forward,15,green,forward,2.0,None,None,None,90
right,14,green,right,2.0,None,None,None,90
forward,13,green,forward,12.0,None,None,left,90
right,20,green,right,2.0,None,None,None,91
right,19,green,right,2.0,None,None,None,91
None,18,red,forward,0.0,None,None,None,91
None,17,red,forward,0.0,None,None,None,91
None,16,red,forward,0.0,None,None,None,91
forward,15,green,forward,2.0,None,None,None,91
forward,14,green,forward,2.0,None,None,None,91
forward,13,green,forward,2.0,None,None,None,91
right,12,red,right,12.0,None,None,None,91
None,25,red,left,0.0,None,None,None,92
None,24,red,left,0.0,None,None,None,92
None,23,red,left,0.0,None,None,None,92
None,22,red,left,0.0,None,None,None,92
None,21,red,left,0.0,None,None,None,92
left,20,green,left,2.0,None,None,None,92
None,19,red,forward,0.0,None,None,None,92
None,18,red,forward,0.0,None,None,None,92
None,17,red,forward,0.0,None,None,None,92
forward,16,green,forward,2.0,None,None,None,92
None,15,red,forward,0.0,None,None,None,92
None,14,red,forward,0.0,None,None,None,92
forward,13,green,forward,2.0,None,None,None,92
None,12,red,forward,0.0,None,None,None,92
None,11,red,forward,0.0,None,None,None,92
None,10,red,forward,0.0,None,None,None,92
forward,9,green,forward,2.0,None,None,None,92
forward,8,green,forward,12.0,None,None,None,92
right,30,green,right,2.0,None,None,None,93
forward,29,green,forward,2.0,None,None,None,93
forward,28,green,forward,2.0,None,None,None,93
forward,27,green,forward,2.0,None,None,None,93
None,26,red,forward,0.0,None,None,None,93
None,25,red,forward,0.0,None,None,None,93
forward,24,green,forward,2.0,None,None,None,93
left,23,green,left,12.0,None,None,None,93
left,35,green,left,2.0,None,None,None,94
forward,34,green,forward,2.0,None,None,None,94
forward,33,green,forward,2.0,None,None,None,94
None,32,red,forward,0.0,None,None,None,94
forward,31,green,forward,2.0,None,None,None,94
forward,30,green,forward,2.0,None,None,None,94
forward,29,green,forward,2.0,None,None,None,94
right,28,red,right,12.0,None,None,None,94
left,20,green,left,2.0,None,None,None,95
forward,19,green,forward,2.0,None,None,None,95
None,18,red,forward,0.0,None,None,None,95
forward,17,green,forward,2.0,None,None,None,95
left,16,green,left,12.0,None,None,None,95
right,40,green,right,2.0,None,None,None,96
forward,39,green,forward,2.0,None,None,None,96
None,38,red,forward,0.0,None,None,None,96
None,37,red,forward,0.0,None,None,None,96
forward,36,green,forward,2.0,None,None,None,96
None,35,red,forward,0.0,None,None,None,96
None,34,red,forward,0.0,None,None,None,96
None,33,red,forward,0.0,None,None,None,96
None,32,red,forward,0.0,None,None,None,96
None,31,red,forward,0.0,None,None,None,96
forward,30,green,forward,2.0,None,None,None,96
None,29,red,forward,0.0,None,None,None,96
forward,28,green,forward,2.0,None,None,None,96
left,27,green,left,2.0,None,None,None,96
None,26,red,forward,0.0,None,None,None,96
forward,25,green,forward,2.0,None,None,None,96
forward,24,green,forward,12.0,None,None,None,96
forward,25,green,forward,2.0,None,None,None,97
None,24,red,forward,0.0,None,None,None,97
None,23,red,forward,0.0,None,None,None,97
forward,22,green,forward,2.0,None,None,None,97
forward,21,green,forward,2.0,None,None,None,97
None,20,red,forward,0.0,None,None,None,97
forward,19,green,forward,2.0,None,None,None,97
None,18,red,left,0.0,None,None,None,97
None,17,red,left,0.0,None,None,None,97
left,16,green,left,12.0,None,None,None,97
right,55,red,right,2.0,None,None,None,98
right,54,green,right,2.0,None,None,None,98
None,53,red,forward,0.0,None,None,None,98
None,52,red,forward,0.0,None,None,None,98
forward,51,green,forward,2.0,None,None,None,98
None,50,red,forward,0.0,None,None,None,98
None,49,red,forward,0.0,None,None,None,98
None,48,red,forward,0.0,None,right,None,98
forward,47,green,forward,2.0,None,None,None,98
None,46,red,forward,0.0,None,None,None,98
None,45,red,forward,0.0,None,None,None,98
None,44,red,forward,0.0,None,None,None,98
forward,43,green,forward,2.0,None,None,None,98
forward,42,green,forward,2.0,None,None,None,98
forward,41,green,forward,2.0,None,None,None,98
forward,40,green,forward,2.0,None,None,None,98
None,39,red,left,0.0,None,None,None,98
None,38,red,left,0.0,None,None,None,98
left,37,green,left,12.0,None,None,None,98
None,45,red,forward,0.0,None,None,None,99
None,44,red,forward,0.0,None,None,None,99
None,43,red,forward,0.0,None,None,None,99
None,42,red,forward,0.0,None,None,None,99
None,41,red,forward,0.0,None,None,None,99
forward,40,green,forward,2.0,None,None,None,99
forward,39,green,forward,2.0,None,None,None,99
None,38,red,forward,0.0,None,None,None,99
forward,37,green,forward,2.0,None,None,None,99
None,36,red,forward,0.0,None,None,None,99
None,35,red,forward,0.0,None,None,None,99
None,34,red,forward,0.0,None,None,None,99
forward,33,green,forward,2.0,left,None,None,99
right,32,red,right,2.0,None,None,None,99
None,31,red,forward,0.0,None,forward,None,99
forward,30,green,forward,2.0,None,None,None,99
forward,29,green,forward,2.0,None,None,None,99
forward,28,green,forward,2.0,None,None,None,99
forward,27,green,forward,12.0,None,right,None,99
right,25,green,right,2.0,None,None,None,100
right,24,red,right,2.0,None,None,None,100
None,23,red,forward,0.0,None,None,None,100
None,22,red,forward,0.0,None,None,None,100
forward,21,green,forward,2.0,None,None,None,100
None,20,red,forward,0.0,None,None,None,100
None,19,red,forward,0.0,None,None,None,100
None,18,red,forward,0.0,None,None,None,100
forward,17,green,forward,2.0,None,None,None,100
forward,16,green,forward,2.0,None,None,None,100
forward,15,green,forward,2.0,None,None,None,100
right,14,green,right,12.0,None,None,None,100
